日期,开盘,收盘,最高,最低,成交量,成交额,振幅,涨跌幅,涨跌额,换手率
2021-08-17,0.965,0.961,1.0,0.954,348237,33854122.0,4.75,-0.72,-0.007,1.48
2021-08-18,0.961,0.96,0.98,0.952,180823,17441344.0,2.91,-0.1,-0.001,0.77
2021-08-19,0.96,0.984,0.994,0.942,212052,20572503.0,5.42,2.5,0.024,0.9
2021-08-20,0.984,0.979,0.996,0.964,164185,16055708.0,3.25,-0.51,-0.005,0.7
2021-08-23,0.979,1.002,1.006,0.972,327463,32616184.0,3.47,2.35,0.023,1.39
2021-08-24,1.01,1.029,1.045,0.999,1377071,141748085.0,4.59,2.69,0.027,5.84
2021-08-25,1.03,1.051,1.051,1.015,662408,68823477.0,3.5,2.14,0.022,2.81
2021-08-26,1.051,1.036,1.065,1.034,389378,40861647.0,2.95,-1.43,-0.015,1.65
2021-08-27,1.034,1.056,1.061,1.022,375827,39416509.0,3.76,1.93,0.02,1.59
2021-08-30,1.056,1.095,1.112,1.056,541624,59094526.0,5.3,3.69,0.039,2.3
2021-08-31,1.098,1.076,1.11,1.066,340998,36675252.0,4.02,-1.74,-0.019,1.45
2021-09-01,1.078,1.025,1.089,1.008,443919,45873179.0,7.53,-4.74,-0.051,1.88
2021-09-02,1.022,1.052,1.053,1.02,280581,29289832.0,3.22,2.63,0.027,1.19
2021-09-03,1.051,1.018,1.069,1.009,422218,43610515.0,5.7,-3.23,-0.034,1.79
2021-09-06,1.018,1.027,1.031,0.988,368837,37284457.0,4.22,0.88,0.009,1.56
2021-09-07,1.023,1.054,1.057,1.018,336217,35164098.0,3.8,2.63,0.027,1.42
2021-09-08,1.054,1.045,1.066,1.033,203941,21436760.0,3.13,-0.85,-0.009,0.86
2021-09-09,1.043,1.042,1.046,1.018,193820,19957923.0,2.68,-0.29,-0.003,0.82
2021-09-10,1.042,1.049,1.05,1.024,259011,26956403.0,2.5,0.67,0.007,1.1
2021-09-13,1.049,1.033,1.053,1.024,161388,16663599.0,2.76,-1.53,-0.016,0.68
2021-09-14,1.03,1.047,1.062,1.013,349733,36715399.0,4.74,1.36,0.014,1.48
2021-09-15,1.048,1.069,1.071,1.044,291093,30923091.0,2.58,2.1,0.022,1.23
2021-09-16,1.069,1.019,1.071,1.016,386134,39899374.0,5.14,-4.68,-0.05,1.64
2021-09-17,1.017,1.02,1.034,0.995,335234,33911110.0,3.83,0.1,0.001,1.42
2021-09-22,1.008,1.027,1.033,1.008,200905,20614262.0,2.45,0.69,0.007,0.85
2021-09-23,1.03,1.03,1.04,1.025,140447,14491894.0,1.46,0.29,0.003,0.6
2021-09-24,1.03,1.04,1.059,1.013,264213,27527707.0,4.47,0.97,0.01,1.12
2021-09-27,1.04,1.021,1.054,0.999,238432,24255580.0,5.29,-1.83,-0.019,1.01
2021-09-28,1.021,1.007,1.03,1.005,195743,19850243.0,2.45,-1.37,-0.014,0.83
2021-09-29,1.007,0.996,1.019,0.988,302754,30251460.0,3.08,-1.09,-0.011,1.28
2021-09-30,0.996,1.023,1.024,0.994,266942,27102129.0,3.01,2.71,0.027,1.13
2021-10-08,1.032,1.003,1.043,0.991,328360,32923339.0,5.08,-1.96,-0.02,1.39
2021-10-11,1.005,0.992,1.006,0.976,196287,19456663.0,2.99,-1.1,-0.011,0.83
2021-10-12,0.988,0.97,0.992,0.956,285400,27748861.0,3.63,-2.22,-0.022,1.21
2021-10-13,0.963,1.003,1.005,0.963,330245,32740681.0,4.33,3.4,0.033,1.4
2021-10-14,1.003,1.017,1.027,0.994,415455,42285542.0,3.29,1.4,0.014,1.76
2021-10-15,1.017,1.042,1.048,1.009,389163,40180548.0,3.83,2.46,0.025,1.65
2021-10-18,1.045,1.067,1.071,1.042,381660,40394989.0,2.78,2.4,0.025,1.62
2021-10-19,1.068,1.071,1.083,1.062,238520,25568626.0,1.97,0.37,0.004,1.01
2021-10-20,1.069,1.089,1.108,1.063,371354,40664334.0,4.2,1.68,0.018,1.57
2021-10-21,1.089,1.076,1.089,1.068,172989,18655196.0,1.93,-1.19,-0.013,0.73
2021-10-22,1.075,1.062,1.081,1.058,165907,17690435.0,2.14,-1.3,-0.014,0.7
2021-10-25,1.063,1.099,1.104,1.063,256712,27994596.0,3.86,3.48,0.037,1.09
2021-10-26,1.113,1.097,1.126,1.092,300664,33354486.0,3.09,-0.18,-0.002,1.27
2021-10-27,1.1,1.122,1.129,1.095,330406,36980832.0,3.1,2.28,0.025,1.4
2021-10-28,1.122,1.112,1.137,1.103,303402,34004453.0,3.03,-0.89,-0.01,1.29
2021-10-29,1.11,1.133,1.134,1.052,312014,34410841.0,7.37,1.89,0.021,1.32
2021-11-01,1.134,1.122,1.145,1.11,334461,37758461.0,3.09,-0.97,-0.011,1.42
2021-11-02,1.12,1.12,1.133,1.102,294413,32905473.0,2.76,-0.18,-0.002,1.25
2021-11-03,1.112,1.085,1.112,1.075,339383,37036181.0,3.3,-3.13,-0.035,1.44
2021-11-04,1.088,1.11,1.119,1.088,284892,31582638.0,2.86,2.3,0.025,1.21
2021-11-05,1.101,1.09,1.112,1.088,192733,21175701.0,2.16,-1.8,-0.02,0.82
2021-11-08,1.09,1.12,1.125,1.09,292647,32604032.0,3.21,2.75,0.03,1.24
2021-11-09,1.135,1.127,1.14,1.119,226460,25569971.0,1.88,0.63,0.007,0.96
2021-11-10,1.123,1.11,1.123,1.091,350426,38736622.0,2.84,-1.51,-0.017,1.49
2021-11-11,1.11,1.112,1.126,1.103,264561,29507889.0,2.07,0.18,0.002,1.12
2021-11-12,1.106,1.115,1.12,1.106,150992,16827236.0,1.26,0.27,0.003,0.64
2021-11-15,1.113,1.079,1.113,1.072,481184,52162103.0,3.68,-3.23,-0.036,2.04
2021-11-16,1.08,1.065,1.086,1.057,310822,33132292.0,2.69,-1.3,-0.014,1.32
2021-11-17,1.066,1.086,1.088,1.066,250888,27036047.0,2.07,1.97,0.021,1.06
2021-11-18,1.086,1.084,1.094,1.069,173508,18781968.0,2.3,-0.18,-0.002,0.74
2021-11-19,1.084,1.099,1.1,1.081,304490,33269634.0,1.75,1.38,0.015,1.29
2021-11-22,1.103,1.137,1.138,1.103,481546,54287506.0,3.18,3.46,0.038,2.04
2021-11-23,1.138,1.129,1.14,1.125,194582,22039690.0,1.32,-0.7,-0.008,0.82
2021-11-24,1.131,1.112,1.134,1.106,255847,28525737.0,2.48,-1.51,-0.017,1.08
2021-11-25,1.112,1.097,1.113,1.09,330709,36265267.0,2.07,-1.35,-0.015,1.4
2021-11-26,1.101,1.111,1.115,1.097,221265,24530342.0,1.64,1.28,0.014,0.94
2021-11-29,1.09,1.129,1.133,1.089,307486,34523613.0,3.96,1.62,0.018,1.3
2021-11-30,1.129,1.128,1.136,1.119,247727,27953513.0,1.51,-0.09,-0.001,1.05
2021-12-01,1.126,1.121,1.134,1.107,194439,21681850.0,2.39,-0.62,-0.007,0.82
2021-12-02,1.119,1.112,1.124,1.108,188586,21001770.0,1.43,-0.8,-0.009,0.8
2021-12-03,1.11,1.114,1.114,1.102,175834,19516783.0,1.08,0.18,0.002,0.75
2021-12-06,1.114,1.095,1.118,1.092,248235,27391954.0,2.33,-1.71,-0.019,1.05
2021-12-07,1.095,1.07,1.098,1.056,473325,50685519.0,3.84,-2.28,-0.025,2.01
2021-12-08,1.073,1.088,1.091,1.073,278064,30144980.0,1.68,1.68,0.018,1.18
2021-12-09,1.086,1.084,1.09,1.076,244938,26523843.0,1.29,-0.37,-0.004,1.04
2021-12-10,1.084,1.099,1.105,1.073,286183,31387210.0,2.95,1.38,0.015,1.21
2021-12-13,1.1,1.1,1.105,1.089,232259,25490778.0,1.46,0.09,0.001,0.98
2021-12-14,1.1,1.09,1.101,1.086,201158,21925576.0,1.36,-0.91,-0.01,0.85
2021-12-15,1.09,1.083,1.097,1.082,183600,19991416.0,1.38,-0.64,-0.007,0.78
2021-12-16,1.088,1.086,1.091,1.079,164568,17836570.0,1.11,0.28,0.003,0.7
2021-12-17,1.09,1.064,1.09,1.061,348806,37360207.0,2.67,-2.03,-0.022,1.48
2021-12-20,1.064,1.015,1.064,1.013,555209,57178369.0,4.79,-4.61,-0.049,2.35
2021-12-21,1.016,1.019,1.023,0.999,377760,38107931.0,2.36,0.39,0.004,1.6
2021-12-22,1.027,1.021,1.029,1.013,282876,28838228.0,1.57,0.2,0.002,1.2
2021-12-23,1.024,1.024,1.03,1.015,199753,20457882.0,1.47,0.29,0.003,0.85
2021-12-24,1.024,0.983,1.027,0.978,685269,67927509.0,4.79,-4.0,-0.041,2.9
2021-12-27,0.983,0.987,1.0,0.975,381836,37745178.0,2.54,0.41,0.004,1.62
2021-12-28,0.99,1.008,1.009,0.981,385172,38326017.0,2.84,2.13,0.021,1.63
2021-12-29,1.005,1.006,1.018,0.999,236690,23856208.0,1.88,-0.2,-0.002,1.0
2021-12-30,1.006,1.007,1.018,1.004,218048,22043191.0,1.39,0.1,0.001,0.92
2021-12-31,1.01,1.029,1.036,1.01,347047,35759057.0,2.58,2.18,0.022,1.47
2022-01-04,1.032,0.997,1.042,0.991,486166,48684094.0,4.96,-3.11,-0.032,2.06
2022-01-05,0.995,0.959,0.995,0.953,652106,63096031.0,4.21,-3.81,-0.038,2.76
2022-01-06,0.95,0.963,0.966,0.939,375028,35739001.0,2.82,0.42,0.004,1.59
2022-01-07,0.964,0.94,0.97,0.932,485916,45747076.0,3.95,-2.39,-0.023,2.06
2022-01-10,0.936,0.934,0.943,0.923,297801,27832222.0,2.13,-0.64,-0.006,1.26
2022-01-11,0.934,0.922,0.942,0.919,364407,33758707.0,2.46,-1.28,-0.012,1.54
2022-01-12,0.929,0.955,0.957,0.929,481077,45594955.0,3.04,3.58,0.033,2.04
2022-01-13,0.952,0.943,0.959,0.935,291729,27598086.0,2.51,-1.26,-0.012,1.24
2022-01-14,0.937,0.951,0.959,0.934,269746,25689753.0,2.65,0.85,0.008,1.14
2022-01-17,0.951,0.966,0.974,0.948,196763,18990182.0,2.73,1.58,0.015,0.83
2022-01-18,0.962,0.962,0.969,0.956,185875,17865073.0,1.35,-0.41,-0.004,0.79
2022-01-19,0.962,0.932,0.962,0.921,411218,38468365.0,4.26,-3.12,-0.03,1.74
2022-01-20,0.932,0.929,0.939,0.924,217071,20219822.0,1.61,-0.32,-0.003,0.92
2022-01-21,0.928,0.927,0.938,0.917,249679,23215363.0,2.26,-0.22,-0.002,1.06
2022-01-24,0.925,0.951,0.956,0.916,341727,32181370.0,4.31,2.59,0.024,1.45
2022-01-25,0.94,0.931,0.955,0.927,264729,24924865.0,2.94,-2.1,-0.02,1.12
2022-01-26,0.939,0.948,0.948,0.927,277678,26101481.0,2.26,1.83,0.017,1.18
2022-01-27,0.944,0.919,0.95,0.918,369873,34397442.0,3.38,-3.06,-0.029,1.57
2022-01-28,0.925,0.913,0.935,0.893,440930,40195276.0,4.57,-0.65,-0.006,1.87
2022-02-07,0.929,0.921,0.941,0.917,304594,28242155.0,2.63,0.88,0.008,1.29
2022-02-08,0.92,0.886,0.92,0.866,506362,44720839.0,5.86,-3.8,-0.035,2.15
2022-02-09,0.894,0.89,0.894,0.869,363430,32111291.0,2.82,0.45,0.004,1.54
2022-02-10,0.89,0.868,0.894,0.855,617822,53678686.0,4.38,-2.47,-0.022,2.62
2022-02-11,0.863,0.849,0.871,0.847,413633,35486753.0,2.76,-2.19,-0.019,1.75
2022-02-14,0.848,0.85,0.861,0.834,373181,31716944.0,3.18,0.12,0.001,1.58
2022-02-15,0.85,0.881,0.883,0.85,582853,50701367.0,3.88,3.65,0.031,2.47
2022-02-16,0.887,0.881,0.895,0.877,316616,28053650.0,2.04,0.0,0.0,1.34
2022-02-17,0.88,0.906,0.916,0.876,530031,47908402.0,4.54,2.84,0.025,2.25
2022-02-18,0.9,0.899,0.904,0.89,303752,27183555.0,1.55,-0.77,-0.007,1.29
2022-02-21,0.897,0.893,0.899,0.885,253818,22611121.0,1.56,-0.67,-0.006,1.08
2022-02-22,0.89,0.9,0.903,0.881,253875,22700013.0,2.46,0.78,0.007,1.08
2022-02-23,0.9,0.931,0.932,0.9,482445,44523989.0,3.56,3.44,0.031,2.04
2022-02-24,0.929,0.925,0.946,0.91,543469,50488103.0,3.87,-0.64,-0.006,2.3
2022-02-25,0.932,0.946,0.954,0.932,435588,41167873.0,2.38,2.27,0.021,1.85
2022-02-28,0.945,0.961,0.964,0.941,408972,39067451.0,2.43,1.59,0.015,1.73
2022-03-01,0.97,0.962,0.983,0.954,445681,43035619.0,3.02,0.1,0.001,1.89
2022-03-02,0.96,0.951,0.96,0.935,448278,42351066.0,2.6,-1.14,-0.011,1.9
2022-03-03,0.952,0.934,0.959,0.932,525162,49408769.0,2.84,-1.79,-0.017,2.23
2022-03-04,0.928,0.918,0.938,0.913,483643,44673000.0,2.68,-1.71,-0.016,2.05
2022-03-07,0.912,0.889,0.912,0.885,494114,44446884.0,2.94,-3.16,-0.029,2.09
2022-03-08,0.885,0.871,0.899,0.865,426133,37682537.0,3.82,-2.02,-0.018,1.81
2022-03-09,0.875,0.875,0.888,0.832,431727,37206376.0,6.43,0.46,0.004,1.83
2022-03-10,0.907,0.911,0.922,0.893,529515,48133380.0,3.31,4.11,0.036,2.24
2022-03-11,0.9,0.904,0.905,0.874,445938,39688806.0,3.4,-0.77,-0.007,1.89
2022-03-14,0.897,0.877,0.897,0.876,320494,28353318.0,2.32,-2.99,-0.027,1.36
2022-03-15,0.866,0.86,0.894,0.856,400153,34956840.0,4.33,-1.94,-0.017,1.7
2022-03-16,0.87,0.901,0.901,0.848,473324,41666154.0,6.16,4.77,0.041,2.01
2022-03-17,0.91,0.901,0.926,0.901,567509,52030423.0,2.77,0.0,0.0,2.41
2022-03-18,0.903,0.902,0.903,0.888,328840,29421613.0,1.66,0.11,0.001,1.39
2022-03-21,0.902,0.913,0.922,0.898,353593,32255522.0,2.66,1.22,0.011,1.5
2022-03-22,0.912,0.898,0.913,0.892,336012,30280206.0,2.3,-1.64,-0.015,1.42
2022-03-23,0.908,0.902,0.914,0.895,454938,41138190.0,2.12,0.45,0.004,1.93
2022-03-24,0.899,0.888,0.899,0.875,512639,45277715.0,2.66,-1.55,-0.014,2.17
2022-03-25,0.888,0.864,0.891,0.863,440740,38467203.0,3.15,-2.7,-0.024,1.87
2022-03-28,0.861,0.85,0.861,0.843,474143,40280251.0,2.08,-1.62,-0.014,2.01
2022-03-29,0.856,0.85,0.865,0.844,433626,37073404.0,2.47,0.0,0.0,1.84
2022-03-30,0.86,0.881,0.881,0.855,541262,47196486.0,3.06,3.65,0.031,2.29
2022-03-31,0.88,0.856,0.88,0.851,513455,44106416.0,3.29,-2.84,-0.025,2.18
2022-04-01,0.851,0.858,0.869,0.846,409637,35159163.0,2.69,0.23,0.002,1.74
2022-04-06,0.858,0.836,0.858,0.828,762768,63679651.0,3.5,-2.56,-0.022,3.23
2022-04-07,0.83,0.824,0.836,0.82,453821,37547954.0,1.91,-1.44,-0.012,1.92
2022-04-08,0.824,0.819,0.832,0.809,526157,43123835.0,2.79,-0.61,-0.005,2.23
2022-04-11,0.821,0.775,0.821,0.773,618951,48488435.0,5.86,-5.37,-0.044,2.62
2022-04-12,0.769,0.781,0.781,0.763,570100,44011597.0,2.32,0.77,0.006,2.42
2022-04-13,0.78,0.775,0.787,0.767,460126,35805094.0,2.56,-0.77,-0.006,1.95
2022-04-14,0.78,0.766,0.782,0.759,443783,34068325.0,2.97,-1.16,-0.009,1.88
2022-04-15,0.756,0.755,0.762,0.74,566518,42346725.0,2.87,-1.44,-0.011,2.4
2022-04-18,0.754,0.772,0.773,0.739,512681,39082451.0,4.5,2.25,0.017,2.17
2022-04-19,0.772,0.771,0.787,0.767,367337,28484319.0,2.59,-0.13,-0.001,1.56
2022-04-20,0.771,0.741,0.772,0.74,555294,41594392.0,4.15,-3.89,-0.03,2.35
2022-04-21,0.739,0.709,0.743,0.705,553905,39950221.0,5.13,-4.32,-0.032,2.35
2022-04-22,0.704,0.7,0.711,0.697,512702,36045574.0,1.97,-1.27,-0.009,2.17
2022-04-25,0.692,0.65,0.692,0.649,612944,41171827.0,6.14,-7.14,-0.05,2.6
2022-04-26,0.658,0.638,0.661,0.637,491932,31983268.0,3.69,-1.85,-0.012,2.08
2022-04-27,0.635,0.692,0.693,0.624,825595,54580679.0,10.82,8.46,0.054,3.5
2022-04-28,0.688,0.701,0.713,0.681,724402,50500714.0,4.62,1.3,0.009,3.07
2022-04-29,0.706,0.73,0.731,0.694,629912,44750232.0,5.28,4.14,0.029,2.67
2022-05-05,0.725,0.729,0.741,0.715,489620,35646889.0,3.56,-0.14,-0.001,2.07
2022-05-06,0.71,0.715,0.727,0.705,526709,37748265.0,3.02,-1.92,-0.014,2.23
2022-05-09,0.71,0.721,0.727,0.708,439919,31741008.0,2.66,0.84,0.006,1.86
2022-05-10,0.713,0.74,0.749,0.707,556392,41018488.0,5.83,2.64,0.019,2.36
2022-05-11,0.74,0.772,0.79,0.74,725736,56234138.0,6.76,4.32,0.032,3.08
2022-05-12,0.768,0.765,0.773,0.759,405921,31067319.0,1.81,-0.91,-0.007,1.72
2022-05-13,0.765,0.767,0.775,0.761,394674,30263481.0,1.83,0.26,0.002,1.67
2022-05-16,0.775,0.762,0.787,0.76,448075,34377921.0,3.52,-0.65,-0.005,1.9
2022-05-17,0.76,0.786,0.791,0.76,512853,39891471.0,4.07,3.15,0.024,2.17
2022-05-18,0.786,0.795,0.801,0.784,538709,42644582.0,2.16,1.15,0.009,2.28
2022-05-19,0.788,0.821,0.823,0.782,577810,46365575.0,5.16,3.27,0.026,2.45
2022-05-20,0.838,0.829,0.838,0.815,534643,44060877.0,2.8,0.97,0.008,2.27
2022-05-23,0.83,0.829,0.833,0.814,516268,42440759.0,2.29,0.0,0.0,2.19
2022-05-24,0.828,0.8,0.831,0.799,561855,46006490.0,3.86,-3.5,-0.029,2.38
2022-05-25,0.799,0.805,0.807,0.788,475074,37945887.0,2.38,0.63,0.005,2.01
2022-05-26,0.807,0.805,0.816,0.79,478869,38474884.0,3.23,0.0,0.0,2.03
2022-05-27,0.815,0.803,0.822,0.796,419763,34092502.0,3.23,-0.25,-0.002,1.78
2022-05-30,0.804,0.811,0.813,0.8,398317,32185688.0,1.62,1.0,0.008,1.69
2022-05-31,0.818,0.827,0.83,0.806,467789,38306645.0,2.96,1.97,0.016,1.98
2022-06-01,0.827,0.832,0.837,0.816,472966,39201012.0,2.54,0.6,0.005,2.0
2022-06-02,0.831,0.852,0.856,0.827,598660,50848718.0,3.49,2.4,0.02,2.54
2022-06-06,0.86,0.898,0.908,0.853,865506,76554147.0,6.46,5.4,0.046,3.67
2022-06-07,0.913,0.896,0.913,0.889,534521,48060878.0,2.67,-0.22,-0.002,2.27
2022-06-08,0.891,0.901,0.908,0.878,604055,54145770.0,3.35,0.56,0.005,2.56
2022-06-09,0.896,0.888,0.903,0.881,482304,43078644.0,2.44,-1.44,-0.013,2.04
2022-06-10,0.88,0.908,0.911,0.876,475550,42690440.0,3.94,2.25,0.02,2.02
2022-06-13,0.906,0.918,0.927,0.896,514453,47023727.0,3.41,1.1,0.01,2.18
2022-06-14,0.911,0.912,0.914,0.882,521333,46889603.0,3.49,-0.65,-0.006,2.21
2022-06-15,0.912,0.909,0.926,0.895,627126,57043674.0,3.4,-0.33,-0.003,2.66
2022-06-16,0.908,0.918,0.928,0.906,567649,52149453.0,2.42,0.99,0.009,2.41
2022-06-17,0.912,0.95,0.951,0.907,748459,70407315.0,4.79,3.49,0.032,3.17
2022-06-20,0.97,0.966,0.981,0.955,697351,67514253.0,2.74,1.68,0.016,2.96
2022-06-21,0.966,0.957,0.97,0.943,569674,54320135.0,2.8,-0.93,-0.009,2.41
2022-06-22,0.957,0.961,0.981,0.955,532493,51529199.0,2.72,0.42,0.004,2.26
2022-06-23,0.961,0.984,0.985,0.952,584632,56705200.0,3.43,2.39,0.023,2.48
2022-06-24,0.989,1.006,1.008,0.987,624720,62364761.0,2.13,2.24,0.022,2.65
2022-06-27,1.01,1.012,1.025,1.005,537785,54568791.0,1.99,0.6,0.006,2.28
2022-06-28,1.012,1.03,1.033,0.999,577576,58553127.0,3.36,1.78,0.018,2.45
2022-06-29,1.028,0.988,1.028,0.985,650476,65513549.0,4.17,-4.08,-0.042,2.76
2022-06-30,0.984,1.005,1.017,0.98,648308,64961160.0,3.74,1.72,0.017,2.75
2022-07-01,1.003,1.01,1.02,1.003,509727,51587151.0,1.69,0.5,0.005,2.16
2022-07-04,1.0,1.025,1.027,0.991,596323,60717398.0,3.56,1.49,0.015,2.53
2022-07-05,1.029,1.034,1.04,1.016,608801,62623826.0,2.34,0.88,0.009,2.58
2022-07-06,1.034,1.03,1.044,1.015,546660,56438296.0,2.8,-0.39,-0.004,2.32
2022-07-07,1.029,1.058,1.059,1.023,699566,72884576.0,3.5,2.72,0.028,2.96
2022-07-08,1.065,1.029,1.069,1.028,522336,54492279.0,3.88,-2.74,-0.029,2.21
2022-07-11,1.026,0.998,1.026,0.987,644262,64530308.0,3.79,-3.01,-0.031,2.73
2022-07-12,0.989,0.982,1.012,0.979,587368,58491356.598,3.31,-1.6,-0.016,2.49
2022-07-13,0.986,1.016,1.019,0.97,664247,65840731.1,4.99,3.46,0.034,2.82
2022-07-14,1.014,1.036,1.046,1.004,580974,59829559.838,4.13,1.97,0.02,2.46
2022-07-15,1.036,1.025,1.049,1.023,437324,45480229.3,2.51,-1.06,-0.011,1.85
2022-07-18,1.02,1.027,1.046,1.002,547416,55803929.153,4.29,0.2,0.002,2.32
2022-07-19,1.017,1.008,1.025,1.002,439942,44547261.642,2.24,-1.85,-0.019,1.86
2022-07-20,1.008,1.01,1.019,1.004,408928,41338784.236,1.49,0.2,0.002,1.73
2022-07-21,1.008,0.994,1.015,0.992,440764,44179805.6,2.28,-1.58,-0.016,1.87
2022-07-22,0.995,0.998,1.009,0.985,389735,38877990.2,2.41,0.4,0.004,1.65
2022-07-25,0.997,0.979,0.997,0.975,366685,36117631.5,2.2,-1.9,-0.019,1.55
2022-07-26,0.978,0.989,1.002,0.974,426186,42203862.8,2.86,1.02,0.01,1.81
2022-07-27,0.984,1.003,1.004,0.982,462477,46000901.3,2.22,1.42,0.014,1.96
2022-07-28,1.005,0.996,1.014,0.991,400444,40000295.808,2.29,-0.7,-0.007,1.7
2022-07-29,0.996,0.988,1.008,0.985,392509,39125466.712,2.31,-0.8,-0.008,1.66
2022-08-01,0.986,1.008,1.01,0.972,553605,54966739.6,3.85,2.02,0.02,2.35
2022-08-02,0.997,0.986,1.004,0.976,460721,45530617.879,2.78,-2.18,-0.022,1.95
2022-08-03,0.985,0.96,1.004,0.955,603507,58959547.599,4.97,-2.64,-0.026,2.56
2022-08-04,0.961,0.957,0.969,0.943,430418,41159073.1,2.71,-0.31,-0.003,1.82
2022-08-05,0.957,0.965,0.968,0.948,500393,47958710.826,2.09,0.84,0.008,2.12
2022-08-08,0.963,0.97,0.973,0.949,482272,46528492.4,2.49,0.52,0.005,2.04
2022-08-09,0.972,0.991,1.002,0.968,683105,67665080.4,3.51,2.16,0.021,2.89
2022-08-10,0.99,0.984,0.997,0.978,529209,52175674.78,1.92,-0.71,-0.007,2.24
2022-08-11,0.988,0.991,0.993,0.966,523616,51291067.146,2.74,0.71,0.007,2.22
2022-08-12,0.989,0.979,0.995,0.977,532639,52491271.4,1.82,-1.21,-0.012,2.26
2022-08-15,0.98,1.009,1.017,0.979,646928,65067480.2,3.88,3.06,0.03,2.74
2022-08-16,1.009,1.016,1.027,1.009,556482,56725725.017,1.78,0.69,0.007,2.36
2022-08-17,1.013,1.023,1.026,1.011,577715,58842868.116,1.48,0.69,0.007,2.45
2022-08-18,1.027,1.027,1.037,1.02,471157,48551543.6,1.66,0.39,0.004,2.0
2022-08-19,1.027,1.0,1.027,0.997,545116,54945438.006,2.92,-2.63,-0.027,2.31
2022-08-22,0.994,1.012,1.015,0.982,551121,54994564.305,3.3,1.2,0.012,2.34
2022-08-23,1.01,1.019,1.03,1.002,539331,55118057.1,2.77,0.69,0.007,2.29
2022-08-24,1.02,0.985,1.028,0.982,692934,69332524.5,4.51,-3.34,-0.034,2.94
2022-08-25,0.986,0.964,0.991,0.953,754664,73039980.855,3.86,-2.13,-0.021,3.2
2022-08-26,0.966,0.961,0.98,0.958,557891,53974517.276,2.28,-0.31,-0.003,2.36
2022-08-29,0.948,0.959,0.964,0.941,500388,47858895.7,2.39,-0.21,-0.002,2.12
2022-08-30,0.96,0.951,0.964,0.946,475935,45370828.834,1.88,-0.83,-0.008,2.02
2022-08-31,0.945,0.907,0.95,0.904,770758,71197659.492,4.84,-4.63,-0.044,3.27
2022-09-01,0.908,0.9,0.916,0.898,522096,47358401.4,1.98,-0.77,-0.007,2.21
2022-09-02,0.905,0.894,0.908,0.885,525943,47037616.4,2.56,-0.67,-0.006,2.23
2022-09-05,0.889,0.896,0.904,0.885,513949,45995986.8,2.13,0.22,0.002,2.18
2022-09-06,0.896,0.923,0.924,0.884,590001,53177522.5,4.46,3.01,0.027,2.5
2022-09-07,0.923,0.937,0.945,0.914,547897,51153493.242,3.36,1.52,0.014,2.32
2022-09-08,0.938,0.923,0.939,0.92,437805,40791106.6,2.03,-1.49,-0.014,1.86
2022-09-09,0.923,0.926,0.927,0.911,434848,39950510.0,1.73,0.33,0.003,1.84
2022-09-13,0.93,0.924,0.933,0.912,534540,49123557.9,2.27,-0.22,-0.002,2.27
2022-09-14,0.914,0.905,0.918,0.898,502801,45635541.6,2.16,-2.06,-0.019,2.13
2022-09-15,0.906,0.857,0.912,0.851,807899,70443353.8,6.74,-5.3,-0.048,3.42
2022-09-16,0.857,0.841,0.86,0.84,533183,45298423.7,2.33,-1.87,-0.016,2.26
2022-09-19,0.841,0.842,0.854,0.837,476478,40161771.4,2.02,0.12,0.001,2.02
2022-09-20,0.85,0.864,0.876,0.85,545223,47160352.3,3.09,2.61,0.022,2.31
2022-09-21,0.861,0.855,0.867,0.851,502335,43201647.355,1.85,-1.04,-0.009,2.13
2022-09-22,0.852,0.859,0.869,0.843,404421,34698456.4,3.04,0.47,0.004,1.71
2022-09-23,0.86,0.848,0.867,0.84,483480,41096683.0,3.14,-1.28,-0.011,2.05
2022-09-26,0.846,0.86,0.873,0.841,548403,47123727.7,3.77,1.42,0.012,2.32
2022-09-27,0.864,0.864,0.87,0.851,521655,44829302.0,2.21,0.47,0.004,2.21
2022-09-28,0.865,0.832,0.867,0.831,544669,45928577.2,4.17,-3.7,-0.032,2.31
2022-09-29,0.837,0.841,0.848,0.829,530431,44389781.88,2.28,1.08,0.009,2.25
2022-09-30,0.841,0.818,0.842,0.816,508986,42190322.2,3.09,-2.73,-0.023,2.16
2022-10-10,0.819,0.797,0.823,0.794,488725,39504463.3,3.55,-2.57,-0.021,2.07
2022-10-11,0.797,0.816,0.82,0.797,582391,47417319.953,2.89,2.38,0.019,2.47
2022-10-12,0.816,0.845,0.845,0.797,607381,49181235.102,5.88,3.55,0.029,2.57
2022-10-13,0.846,0.841,0.855,0.835,488158,41295093.2,2.37,-0.47,-0.004,2.07
2022-10-14,0.846,0.864,0.876,0.836,733641,62516410.1,4.76,2.73,0.023,3.11
2022-10-17,0.856,0.858,0.862,0.843,529133,45007361.1,2.2,-0.69,-0.006,2.24
2022-10-18,0.87,0.86,0.873,0.854,498894,42932496.9,2.21,0.23,0.002,2.11
2022-10-19,0.859,0.855,0.873,0.852,486459,42058329.5,2.44,-0.58,-0.005,2.06
2022-10-20,0.845,0.834,0.846,0.822,618313,51366397.9,2.81,-2.46,-0.021,2.62
2022-10-21,0.834,0.831,0.842,0.825,431336,35943641.2,2.04,-0.36,-0.003,1.83
2022-10-24,0.831,0.816,0.841,0.809,579568,47918351.4,3.85,-1.81,-0.015,2.46
2022-10-25,0.813,0.83,0.839,0.806,658394,54204984.0,4.04,1.72,0.014,2.79
2022-10-26,0.832,0.839,0.847,0.825,476210,39727978.4,2.65,1.08,0.009,2.02
2022-10-27,0.844,0.833,0.863,0.831,658724,55863509.1,3.81,-0.72,-0.006,2.79
2022-10-28,0.831,0.799,0.831,0.795,698053,56678638.0,4.32,-4.08,-0.034,2.96
2022-10-31,0.794,0.792,0.808,0.788,460331,36733114.8,2.5,-0.88,-0.007,1.95
2022-11-01,0.797,0.824,0.824,0.795,605085,48870229.634,3.66,4.04,0.032,2.56
2022-11-02,0.823,0.838,0.843,0.816,604749,50241871.8,3.28,1.7,0.014,2.56
2022-11-03,0.832,0.839,0.851,0.829,560246,47223317.9,2.63,0.12,0.001,2.37
2022-11-04,0.838,0.881,0.883,0.838,826919,71523567.7,5.36,5.01,0.042,3.5
2022-11-07,0.882,0.882,0.891,0.875,544852,48125591.1,1.82,0.11,0.001,2.31
2022-11-08,0.882,0.877,0.889,0.866,428472,37633502.5,2.61,-0.57,-0.005,1.82
2022-11-09,0.876,0.86,0.877,0.86,972747,84393755.5,1.94,-1.94,-0.017,4.12
2022-11-10,0.851,0.84,0.857,0.835,640748,54046670.6,2.56,-2.33,-0.02,2.72
2022-11-11,0.865,0.85,0.87,0.842,708526,60431256.028,3.33,1.19,0.01,3.0
2022-11-14,0.859,0.823,0.859,0.819,855700,71383643.868,4.71,-3.18,-0.027,3.63
2022-11-15,0.821,0.84,0.84,0.82,759732,62982667.744,2.43,2.07,0.017,3.22
2022-11-16,0.841,0.823,0.842,0.822,720761,59820374.8,2.38,-2.02,-0.017,3.05
2022-11-17,0.822,0.81,0.822,0.799,927895,74825853.0,2.79,-1.58,-0.013,3.93
2022-11-18,0.811,0.812,0.82,0.8,761697,61943053.1,2.47,0.25,0.002,3.23
2022-11-21,0.808,0.817,0.819,0.803,753992,61242802.6,1.97,0.62,0.005,3.2
2022-11-22,0.818,0.799,0.818,0.794,992917,79528080.3,2.94,-2.2,-0.018,4.21
2022-11-23,0.796,0.811,0.815,0.79,749125,60084319.3,3.13,1.5,0.012,3.17
2022-11-24,0.811,0.812,0.821,0.809,699489,56946969.0,1.48,0.12,0.001,2.96
2022-11-25,0.808,0.794,0.808,0.793,613754,48942810.8,1.85,-2.22,-0.018,2.6
2022-11-28,0.785,0.788,0.789,0.774,478833,37419615.388,1.89,-0.76,-0.006,2.03
2022-11-29,0.788,0.789,0.796,0.782,628348,49568837.9,1.78,0.13,0.001,2.66
2022-11-30,0.789,0.795,0.8,0.788,574292,45576270.2,1.52,0.76,0.006,2.43
2022-12-01,0.808,0.809,0.817,0.806,747009,60644889.0,1.38,1.76,0.014,3.17
2022-12-02,0.804,0.812,0.82,0.804,599442,48849757.216,1.98,0.37,0.003,2.54
2022-12-05,0.81,0.8,0.814,0.794,971244,77645960.0,2.46,-1.48,-0.012,4.12
2022-12-06,0.799,0.801,0.809,0.787,684875,54545898.596,2.75,0.13,0.001,2.9
2022-12-07,0.796,0.809,0.819,0.794,948464,76930642.0,3.12,1.0,0.008,4.02
2022-12-08,0.805,0.813,0.823,0.804,724596,59107615.322,2.35,0.49,0.004,3.07
2022-12-09,0.813,0.809,0.815,0.806,501776,40597391.3,1.11,-0.49,-0.004,2.13
2022-12-12,0.811,0.799,0.811,0.796,549107,43919386.305,1.85,-1.24,-0.01,2.33
2022-12-13,0.8,0.781,0.801,0.777,779633,61320814.3,3.0,-2.25,-0.018,3.3
2022-12-14,0.781,0.775,0.786,0.773,490218,38138328.8,1.66,-0.77,-0.006,2.08
2022-12-15,0.775,0.791,0.792,0.772,699349,54534873.8,2.58,2.06,0.016,2.96
2022-12-16,0.786,0.773,0.788,0.77,607636,47195250.3,2.28,-2.28,-0.018,2.58
2022-12-19,0.773,0.775,0.792,0.772,622173,48699430.2,2.59,0.26,0.002,2.64
2022-12-20,0.772,0.768,0.777,0.765,450644,34627043.5,1.55,-0.9,-0.007,1.91
2022-12-21,0.77,0.758,0.77,0.754,452644,34479091.0,2.08,-1.3,-0.01,1.92
2022-12-22,0.757,0.738,0.761,0.736,651267,48637018.4,3.3,-2.64,-0.02,2.76
2022-12-23,0.73,0.73,0.738,0.724,456200,33316043.527,1.9,-1.08,-0.008,1.93
2022-12-26,0.732,0.758,0.76,0.728,585367,43708625.3,4.38,3.84,0.028,2.48
2022-12-27,0.759,0.767,0.769,0.755,556746,42491892.7,1.85,1.19,0.009,2.36
2022-12-28,0.763,0.763,0.767,0.752,463904,35239515.7,1.96,-0.52,-0.004,1.97
2022-12-29,0.759,0.761,0.77,0.758,394280,30121965.1,1.57,-0.26,-0.002,1.67
2022-12-30,0.766,0.756,0.771,0.756,450978,34432904.0,1.97,-0.66,-0.005,1.91
2023-01-03,0.756,0.766,0.767,0.744,433736,32764598.0,3.04,1.32,0.01,1.84
2023-01-04,0.76,0.751,0.764,0.746,474440,35730099.672,2.35,-1.96,-0.015,2.01
2023-01-05,0.752,0.77,0.775,0.75,559623,42712548.8,3.33,2.53,0.019,2.37
2023-01-06,0.766,0.794,0.805,0.766,914807,72585205.79,5.06,3.12,0.024,3.88
2023-01-09,0.8,0.797,0.809,0.794,479772,38470392.1,1.89,0.38,0.003,2.03
2023-01-10,0.798,0.803,0.808,0.792,472984,37831489.7,2.01,0.75,0.006,2.0
2023-01-11,0.802,0.794,0.808,0.792,324043,25908484.5,1.99,-1.12,-0.009,1.37
2023-01-12,0.793,0.804,0.812,0.793,481906,38853440.6,2.39,1.26,0.01,2.04
2023-01-13,0.807,0.803,0.813,0.794,422618,33871064.8,2.36,-0.12,-0.001,1.79
2023-01-16,0.802,0.808,0.814,0.794,400633,32303765.8,2.49,0.62,0.005,1.7
2023-01-17,0.81,0.811,0.817,0.806,316872,25712398.0,1.36,0.37,0.003,1.34
2023-01-18,0.813,0.815,0.82,0.81,430985,35155611.6,1.23,0.49,0.004,1.83
2023-01-19,0.814,0.814,0.815,0.808,299236,24253432.8,0.86,-0.12,-0.001,1.27
2023-01-20,0.817,0.829,0.829,0.813,460975,37905002.5,1.97,1.84,0.015,1.95
2023-01-30,0.85,0.84,0.859,0.84,694352,59147946.7,2.29,1.33,0.011,2.94
2023-01-31,0.841,0.845,0.852,0.84,409514,34653414.8,1.43,0.6,0.005,1.74
2023-02-01,0.848,0.852,0.855,0.841,414566,35186733.3,1.66,0.83,0.007,1.76
2023-02-02,0.85,0.844,0.852,0.841,327617,27741038.6,1.29,-0.94,-0.008,1.39
2023-02-03,0.844,0.829,0.844,0.819,471726,39044549.5,2.96,-1.78,-0.015,2.0
2023-02-06,0.826,0.819,0.826,0.813,378950,31003945.4,1.57,-1.21,-0.01,1.61
2023-02-07,0.819,0.818,0.824,0.812,353639,28910913.285,1.47,-0.12,-0.001,1.5
2023-02-08,0.819,0.813,0.826,0.813,376915,30920279.2,1.59,-0.61,-0.005,1.6
2023-02-09,0.815,0.826,0.827,0.809,465530,38227300.8,2.21,1.6,0.013,1.97
2023-02-10,0.825,0.812,0.825,0.81,438937,35810443.0,1.82,-1.69,-0.014,1.86
2023-02-13,0.812,0.816,0.82,0.81,295220,24084919.0,1.23,0.49,0.004,1.25
2023-02-14,0.817,0.813,0.819,0.808,424937,34470563.6,1.35,-0.37,-0.003,1.8
2023-02-15,0.812,0.808,0.821,0.805,407134,33013611.012,1.97,-0.62,-0.005,1.73
2023-02-16,0.808,0.793,0.812,0.786,641485,51411621.516,3.22,-1.86,-0.015,2.72
2023-02-17,0.793,0.776,0.794,0.774,525288,41161522.4,2.52,-2.14,-0.017,2.23
2023-02-20,0.77,0.781,0.782,0.762,503973,38888901.1,2.58,0.64,0.005,2.14
2023-02-21,0.781,0.786,0.791,0.776,483839,37869326.668,1.92,0.64,0.005,2.05
2023-02-22,0.78,0.78,0.787,0.777,330657,25848038.9,1.27,-0.76,-0.006,1.4
2023-02-23,0.78,0.789,0.792,0.78,388465,30535654.388,1.54,1.15,0.009,1.65
2023-02-24,0.788,0.779,0.79,0.776,366797,28628018.147,1.77,-1.27,-0.01,1.55
2023-02-27,0.775,0.775,0.785,0.771,315949,24599991.369,1.8,-0.51,-0.004,1.34
2023-02-28,0.779,0.777,0.779,0.769,340396,26366491.745,1.29,0.26,0.002,1.44
2023-03-01,0.778,0.778,0.779,0.772,415786,32226309.4,0.9,0.13,0.001,1.76
2023-03-02,0.779,0.766,0.779,0.763,594019,45685138.3,2.06,-1.54,-0.012,2.52
2023-03-03,0.766,0.767,0.769,0.762,506333,38762600.9,0.91,0.13,0.001,2.15
2023-03-06,0.768,0.78,0.78,0.756,831762,63896395.5,3.13,1.69,0.013,3.52
2023-03-07,0.776,0.77,0.778,0.769,495378,38329538.6,1.15,-1.28,-0.01,2.1
2023-03-08,0.767,0.764,0.775,0.76,539966,41344772.864,1.95,-0.78,-0.006,2.29
2023-03-09,0.765,0.762,0.768,0.76,319911,24421550.16,1.05,-0.26,-0.002,1.36
2023-03-10,0.762,0.753,0.762,0.75,439924,33146835.3,1.57,-1.18,-0.009,1.86
2023-03-13,0.751,0.745,0.757,0.743,511924,38278322.0,1.86,-1.06,-0.008,2.17
2023-03-14,0.745,0.736,0.745,0.722,762468,55857879.411,3.09,-1.21,-0.009,3.23
2023-03-15,0.739,0.738,0.751,0.735,524733,38942409.3,2.17,0.27,0.002,2.22
2023-03-16,0.732,0.712,0.734,0.711,973911,70272455.7,3.12,-3.52,-0.026,4.13
2023-03-17,0.717,0.709,0.72,0.705,797404,56690805.1,2.11,-0.42,-0.003,3.38
2023-03-20,0.709,0.713,0.72,0.698,846361,60073543.4,3.1,0.56,0.004,3.59
2023-03-21,0.714,0.723,0.723,0.708,961092,68636905.9,2.1,1.4,0.01,4.07
2023-03-22,0.725,0.726,0.736,0.722,796092,58026778.7,1.94,0.41,0.003,3.37
2023-03-23,0.723,0.723,0.726,0.719,679332,49022623.1,0.96,-0.41,-0.003,2.88
2023-03-24,0.724,0.725,0.731,0.715,788314,57080159.869,2.21,0.28,0.002,3.34
2023-03-27,0.725,0.73,0.732,0.717,652710,47332737.7,2.07,0.69,0.005,2.77
2023-03-28,0.728,0.722,0.73,0.72,553294,40097138.7,1.37,-1.1,-0.008,2.34
2023-03-29,0.726,0.725,0.731,0.721,707460,51386877.342,1.39,0.42,0.003,3.0
2023-03-30,0.726,0.729,0.729,0.718,620448,44939402.3,1.52,0.55,0.004,2.63
2023-03-31,0.73,0.73,0.741,0.729,1504305,110363936.176,1.65,0.14,0.001,6.38
2023-04-03,0.73,0.736,0.74,0.726,933305,68437860.735,1.92,0.82,0.006,3.96
2023-04-04,0.741,0.718,0.741,0.713,1871612,134933601.721,3.8,-2.45,-0.018,7.93
2023-04-06,0.715,0.722,0.722,0.711,792488,56696845.628,1.53,0.56,0.004,3.36
2023-04-07,0.722,0.723,0.728,0.719,934902,67620987.222,1.25,0.14,0.001,3.96
2023-04-10,0.728,0.737,0.737,0.722,1555888,113634643.208,2.07,1.94,0.014,6.59
2023-04-11,0.737,0.735,0.739,0.729,944405,69300476.839,1.36,-0.27,-0.002,4.0
2023-04-12,0.735,0.723,0.735,0.72,1051132,76205991.1,2.04,-1.63,-0.012,4.45
2023-04-13,0.724,0.718,0.727,0.716,806076,58013597.228,1.52,-0.69,-0.005,3.42
2023-04-14,0.719,0.729,0.734,0.715,1553993,112746103.638,2.65,1.53,0.011,6.59
2023-04-17,0.728,0.735,0.739,0.726,1006153,73856817.5,1.78,0.82,0.006,4.26
2023-04-18,0.735,0.74,0.745,0.735,1313902,97333690.435,1.36,0.68,0.005,5.57
2023-04-19,0.741,0.732,0.742,0.73,1060503,77692497.0,1.62,-1.08,-0.008,4.49
2023-04-20,0.732,0.711,0.732,0.708,1887943,134770007.9,3.28,-2.87,-0.021,8.0
2023-04-21,0.711,0.705,0.721,0.703,1513015,107796702.4,2.53,-0.84,-0.006,6.41
2023-04-24,0.705,0.69,0.705,0.685,1403756,97153844.682,2.84,-2.13,-0.015,5.95
2023-04-25,0.69,0.667,0.692,0.661,1312309,88115786.6,4.49,-3.33,-0.023,5.56
2023-04-26,0.664,0.702,0.709,0.66,1911470,131890977.6,7.35,5.25,0.035,8.1
2023-04-27,0.698,0.702,0.706,0.692,957665,66935672.898,1.99,0.0,0.0,4.06
2023-04-28,0.702,0.697,0.708,0.692,1281019,89285779.5,2.28,-0.71,-0.005,5.43
2023-05-04,0.695,0.693,0.705,0.69,722249,50309827.8,2.15,-0.57,-0.004,3.06
2023-05-05,0.691,0.68,0.691,0.674,1542756,105203967.7,2.45,-1.88,-0.013,6.54
2023-05-08,0.683,0.687,0.691,0.679,747220,51202030.125,1.76,1.03,0.007,3.17
2023-05-09,0.688,0.676,0.688,0.674,967998,65741411.498,2.04,-1.6,-0.011,4.1
2023-05-10,0.676,0.688,0.693,0.669,1018405,69301446.9,3.55,1.78,0.012,4.32
2023-05-11,0.683,0.695,0.704,0.683,1475506,102559378.804,3.05,1.02,0.007,6.25
2023-05-12,0.693,0.685,0.701,0.685,665623,45967337.512,2.3,-1.44,-0.01,2.82
2023-05-15,0.687,0.709,0.711,0.687,1824552,128512174.244,3.5,3.5,0.024,7.73
2023-05-16,0.711,0.709,0.716,0.706,980263,69656977.5,1.41,0.0,0.0,4.15
2023-05-17,0.71,0.708,0.716,0.702,690729,48823337.125,1.97,-0.14,-0.001,2.93
2023-05-18,0.71,0.697,0.711,0.69,1093287,76294764.396,2.97,-1.55,-0.011,4.63
2023-05-19,0.696,0.693,0.697,0.689,722398,50024179.2,1.15,-0.57,-0.004,3.06
2023-05-22,0.693,0.697,0.7,0.688,700732,48691992.0,1.73,0.58,0.004,2.97
2023-05-23,0.697,0.691,0.703,0.69,693266,48222111.716,1.87,-0.86,-0.006,2.94
2023-05-24,0.689,0.693,0.702,0.686,932444,64736082.664,2.32,0.29,0.002,3.95
2023-05-25,0.692,0.696,0.702,0.687,938160,65368971.0,2.16,0.43,0.003,3.98
2023-05-26,0.697,0.682,0.697,0.675,1005368,68429735.0,3.16,-2.01,-0.014,4.26
2023-05-29,0.682,0.667,0.683,0.663,1117942,74750047.738,2.93,-2.2,-0.015,4.74
2023-05-30,0.663,0.666,0.672,0.656,917114,60817962.2,2.4,-0.15,-0.001,3.89
2023-05-31,0.667,0.657,0.667,0.654,762897,50143569.832,1.95,-1.35,-0.009,3.23
2023-06-01,0.656,0.658,0.666,0.653,761635,50261342.0,1.98,0.15,0.001,3.23
2023-06-02,0.658,0.668,0.671,0.657,837500,55736595.16,2.13,1.52,0.01,3.55
2023-06-05,0.672,0.655,0.672,0.652,1152598,75632726.554,2.99,-1.95,-0.013,4.88
2023-06-06,0.654,0.647,0.655,0.645,754699,48974228.724,1.53,-1.22,-0.008,3.2
2023-06-07,0.646,0.635,0.649,0.632,1244869,79356137.5,2.63,-1.85,-0.012,5.28
2023-06-08,0.635,0.637,0.645,0.635,887743,56869912.6,1.57,0.31,0.002,3.76
2023-06-09,0.638,0.642,0.645,0.634,895998,57265431.8,1.73,0.78,0.005,3.8
2023-06-12,0.64,0.644,0.649,0.636,883041,56687019.1,2.02,0.31,0.002,3.74
2023-06-13,0.643,0.644,0.648,0.64,599690,38618604.6,1.24,0.0,0.0,2.54
2023-06-14,0.646,0.635,0.648,0.635,1215147,77671059.5,2.02,-1.4,-0.009,5.15
2023-06-15,0.635,0.665,0.666,0.635,2503565,163265127.97,4.88,4.72,0.03,10.61
2023-06-16,0.669,0.674,0.675,0.664,1534133,102861837.782,1.65,1.35,0.009,6.5
2023-06-19,0.675,0.667,0.675,0.666,1144974,76700142.4,1.34,-1.04,-0.007,4.85
2023-06-20,0.666,0.668,0.676,0.665,725118,48506146.2,1.65,0.15,0.001,3.07
2023-06-21,0.668,0.659,0.676,0.659,813552,54474996.4,2.54,-1.35,-0.009,3.45
2023-06-26,0.653,0.663,0.671,0.65,1285150,84660165.07,3.19,0.61,0.004,5.45
2023-06-27,0.664,0.665,0.672,0.658,743588,49388163.166,2.11,0.3,0.002,3.15
2023-06-28,0.666,0.669,0.67,0.662,1009117,67273140.8,1.2,0.6,0.004,4.28
2023-06-29,0.666,0.666,0.677,0.665,1208079,80972227.4,1.79,-0.45,-0.003,5.12
2023-06-30,0.666,0.678,0.683,0.663,1463265,98644358.5,3.0,1.8,0.012,6.2
2023-07-03,0.681,0.681,0.687,0.677,869195,59311208.178,1.47,0.44,0.003,3.68
2023-07-04,0.681,0.677,0.682,0.674,740371,50136132.971,1.17,-0.59,-0.004,3.14
2023-07-05,0.676,0.67,0.679,0.668,684799,46114243.8,1.62,-1.03,-0.007,2.9
2023-07-06,0.668,0.664,0.67,0.662,719680,47875496.3,1.19,-0.9,-0.006,3.05
2023-07-07,0.662,0.657,0.663,0.655,763223,50325344.4,1.2,-1.05,-0.007,3.23
2023-07-10,0.66,0.673,0.68,0.659,1062385,71432644.6,3.2,2.44,0.016,4.5
2023-07-11,0.676,0.673,0.676,0.665,778193,52128092.41,1.63,0.0,0.0,3.3
2023-07-12,0.673,0.675,0.681,0.666,958317,64516231.7,2.23,0.3,0.002,4.06
2023-07-13,0.675,0.68,0.687,0.674,818573,55655156.2,1.93,0.74,0.005,3.47
2023-07-14,0.679,0.67,0.681,0.669,1016501,68345286.769,1.76,-1.47,-0.01,4.31
2023-07-17,0.67,0.664,0.67,0.661,704697,46762774.1,1.34,-0.9,-0.006,2.99
2023-07-18,0.664,0.659,0.665,0.656,876954,57773663.3,1.36,-0.75,-0.005,3.72
2023-07-19,0.657,0.652,0.659,0.648,912405,59524140.349,1.67,-1.06,-0.007,3.87
2023-07-20,0.653,0.651,0.659,0.65,800223,52429556.0,1.38,-0.15,-0.001,3.39
2023-07-21,0.651,0.645,0.652,0.642,861716,55635310.9,1.54,-0.92,-0.006,3.65
2023-07-24,0.644,0.636,0.644,0.634,1255296,80073022.4,1.55,-1.4,-0.009,5.32
2023-07-25,0.641,0.649,0.65,0.641,1144800,73974972.2,1.42,2.04,0.013,4.85
2023-07-26,0.649,0.651,0.654,0.647,910085,59252395.8,1.08,0.31,0.002,3.86
2023-07-27,0.653,0.647,0.656,0.645,884721,57578415.655,1.69,-0.61,-0.004,3.75
2023-07-28,0.645,0.653,0.655,0.64,1328324,86242056.458,2.32,0.93,0.006,5.63
2023-07-31,0.655,0.662,0.667,0.655,1332097,88134650.0,1.84,1.38,0.009,5.65
2023-08-01,0.659,0.656,0.662,0.653,1028952,67652926.8,1.36,-0.91,-0.006,4.36
2023-08-02,0.655,0.652,0.659,0.651,636227,41647041.4,1.22,-0.61,-0.004,2.7
2023-08-03,0.652,0.661,0.662,0.65,851984,56105915.916,1.84,1.38,0.009,3.61
2023-08-04,0.664,0.666,0.67,0.66,1073149,71445081.4,1.51,0.76,0.005,4.55
2023-08-07,0.67,0.662,0.67,0.66,847758,56137296.0,1.5,-0.6,-0.004,3.59
2023-08-08,0.664,0.659,0.665,0.657,883645,58340433.5,1.21,-0.45,-0.003,3.74
2023-08-09,0.657,0.657,0.661,0.655,973131,63971599.5,0.91,-0.3,-0.002,4.12
2023-08-10,0.657,0.661,0.665,0.657,979644,64813124.361,1.22,0.61,0.004,4.15
2023-08-11,0.662,0.647,0.662,0.647,1041316,68253241.9,2.27,-2.12,-0.014,4.41
2023-08-14,0.641,0.64,0.644,0.631,1065075,67808424.799,2.01,-1.08,-0.007,4.51
2023-08-15,0.638,0.629,0.64,0.624,1136666,71707824.181,2.5,-1.72,-0.011,4.82
2023-08-16,0.628,0.622,0.633,0.622,784370,49228711.1,1.75,-1.11,-0.007,3.32
2023-08-17,0.622,0.623,0.624,0.615,835631,51685705.9,1.45,0.16,0.001,3.54
2023-08-18,0.623,0.617,0.629,0.617,775273,48354697.7,1.93,-0.96,-0.006,3.29
2023-08-21,0.616,0.604,0.617,0.603,1677453,102047290.7,2.27,-2.11,-0.013,7.11
2023-08-22,0.604,0.596,0.608,0.585,1357089,80780043.1,3.81,-1.32,-0.008,5.75
2023-08-23,0.595,0.58,0.595,0.58,903582,53062007.0,2.52,-2.68,-0.016,3.83
2023-08-24,0.581,0.586,0.591,0.578,987678,57787274.849,2.24,1.03,0.006,4.19
2023-08-25,0.584,0.582,0.588,0.579,892810,52018964.6,1.54,-0.68,-0.004,3.78
2023-08-28,0.608,0.585,0.615,0.583,1295341,77526880.926,5.5,0.52,0.003,5.49
2023-08-29,0.585,0.598,0.601,0.584,972177,57718606.1,2.91,2.22,0.013,4.12
2023-08-30,0.598,0.597,0.605,0.595,982313,58981275.2,1.67,-0.17,-0.001,4.16
2023-08-31,0.595,0.59,0.595,0.588,751397,44383435.7,1.17,-1.17,-0.007,3.18
2023-09-01,0.59,0.59,0.593,0.587,625009,36854835.2,1.02,0.0,0.0,2.65
2023-09-04,0.593,0.597,0.597,0.585,854672,50589216.5,2.03,1.19,0.007,3.62
2023-09-05,0.592,0.596,0.6,0.59,866823,51560725.6,1.68,-0.17,-0.001,3.67
2023-09-06,0.593,0.593,0.596,0.589,765685,45306109.4,1.17,-0.5,-0.003,3.24
2023-09-07,0.591,0.578,0.592,0.577,1288236,74981144.652,2.53,-2.53,-0.015,5.46
2023-09-08,0.575,0.569,0.577,0.567,1054906,60125718.758,1.73,-1.56,-0.009,4.47
2023-09-11,0.569,0.573,0.577,0.565,762695,43583370.3,2.11,0.7,0.004,3.23
2023-09-12,0.573,0.574,0.581,0.571,723762,41673998.1,1.75,0.17,0.001,3.07
2023-09-13,0.572,0.567,0.575,0.565,1407412,80075980.4,1.74,-1.22,-0.007,5.96
2023-09-14,0.565,0.561,0.567,0.559,1203138,67670076.7,1.41,-1.06,-0.006,5.1
2023-09-15,0.563,0.555,0.563,0.554,1012913,56447448.4,1.6,-1.07,-0.006,4.29
2023-09-18,0.55,0.562,0.567,0.55,960786,53850922.3,3.06,1.26,0.007,4.07
2023-09-19,0.56,0.556,0.562,0.553,676365,37625498.9,1.6,-1.07,-0.006,2.87
2023-09-20,0.555,0.551,0.555,0.549,688748,37975331.9,1.08,-0.9,-0.005,2.92
2023-09-21,0.55,0.543,0.551,0.543,784240,42825570.5,1.45,-1.45,-0.008,3.32
2023-09-22,0.541,0.552,0.553,0.54,825067,45068056.543,2.39,1.66,0.009,3.5
2023-09-25,0.551,0.549,0.553,0.545,660849,36252519.7,1.45,-0.54,-0.003,2.8
2023-09-26,0.549,0.544,0.551,0.544,643461,35180151.7,1.28,-0.91,-0.005,2.73
2023-09-27,0.545,0.556,0.563,0.544,1273672,70683289.6,3.49,2.21,0.012,5.4
2023-09-28,0.556,0.556,0.561,0.553,632181,35194851.0,1.44,0.0,0.0,2.68
2023-10-09,0.556,0.55,0.556,0.546,817105,44903428.6,1.8,-1.08,-0.006,3.46
2023-10-10,0.552,0.548,0.556,0.546,581520,32049025.3,1.82,-0.36,-0.002,2.46
2023-10-11,0.548,0.546,0.555,0.544,766432,42105095.75,2.01,-0.36,-0.002,3.25
2023-10-12,0.549,0.56,0.561,0.547,1474548,81839655.5,2.56,2.56,0.014,6.25
2023-10-13,0.556,0.549,0.556,0.546,1080529,59361331.6,1.79,-1.96,-0.011,4.58
2023-10-16,0.548,0.537,0.55,0.534,1019487,55035061.9,2.91,-2.19,-0.012,4.32
2023-10-17,0.536,0.54,0.545,0.536,851614,46079945.352,1.68,0.56,0.003,3.61
2023-10-18,0.541,0.531,0.541,0.53,917581,48931776.3,2.04,-1.67,-0.009,3.89
2023-10-19,0.527,0.524,0.53,0.523,1012670,53293839.0,1.32,-1.32,-0.007,4.29
2023-10-20,0.521,0.529,0.535,0.52,1089853,57574220.608,2.86,0.95,0.005,4.62
2023-10-23,0.528,0.512,0.528,0.51,1118271,57933175.14,3.4,-3.21,-0.017,4.74
2023-10-24,0.513,0.516,0.519,0.511,837635,43130388.4,1.56,0.78,0.004,3.55
2023-10-25,0.517,0.514,0.525,0.513,864256,44898513.7,2.33,-0.39,-0.002,3.66
2023-10-26,0.51,0.51,0.511,0.498,1338002,67243843.198,2.53,-0.78,-0.004,5.67
2023-10-27,0.508,0.529,0.531,0.504,1711080,88768275.816,5.29,3.73,0.019,7.25
2023-10-30,0.527,0.535,0.537,0.522,2033002,108303935.7,2.84,1.13,0.006,8.62
2023-10-31,0.53,0.526,0.532,0.523,1018089,53643917.8,1.68,-1.68,-0.009,4.31
2023-11-01,0.526,0.522,0.527,0.518,1057187,55240131.9,1.71,-0.76,-0.004,4.48
2023-11-02,0.521,0.513,0.524,0.512,981704,50832345.1,2.3,-1.72,-0.009,4.16
2023-11-03,0.513,0.519,0.521,0.512,2030709,105249355.0,1.75,1.17,0.006,8.61
2023-11-06,0.521,0.536,0.537,0.521,1836319,97625252.5,3.08,3.28,0.017,7.78
2023-11-07,0.534,0.534,0.535,0.528,958673,50877533.5,1.31,-0.37,-0.002,4.06
2023-11-08,0.531,0.534,0.537,0.53,1153806,61618870.9,1.31,0.0,0.0,4.89
2023-11-09,0.533,0.54,0.543,0.533,1176270,63421871.2,1.87,1.12,0.006,4.98
2023-11-10,0.537,0.534,0.538,0.531,954633,50883929.1,1.3,-1.11,-0.006,4.05
2023-11-13,0.537,0.535,0.538,0.531,963447,51454995.2,1.31,0.19,0.001,4.08
2023-11-14,0.535,0.532,0.538,0.529,1161663,61942181.5,1.68,-0.56,-0.003,4.92
2023-11-15,0.537,0.54,0.544,0.537,1329177,71799253.7,1.32,1.5,0.008,5.63
2023-11-16,0.539,0.527,0.539,0.527,1448285,76888574.128,2.22,-2.41,-0.013,6.14
2023-11-17,0.524,0.528,0.528,0.523,908677,47743011.7,0.95,0.19,0.001,3.85
2023-11-20,0.529,0.527,0.53,0.521,1141067,59828407.5,1.7,-0.19,-0.001,4.84
2023-11-21,0.528,0.525,0.532,0.523,1446392,76362909.328,1.71,-0.38,-0.002,6.13
2023-11-22,0.522,0.513,0.523,0.512,1314610,68030206.803,2.1,-2.29,-0.012,5.57
2023-11-23,0.512,0.515,0.515,0.51,994740,50903850.5,0.97,0.39,0.002,4.22
2023-11-24,0.514,0.506,0.514,0.506,1123277,57150728.1,1.55,-1.75,-0.009,4.76
2023-11-27,0.505,0.498,0.505,0.496,1213021,60526235.9,1.78,-1.58,-0.008,5.14
2023-11-28,0.499,0.5,0.5,0.494,932365,46360958.5,1.2,0.4,0.002,3.95
2023-11-29,0.499,0.493,0.499,0.491,997044,49258586.8,1.6,-1.4,-0.007,4.23
2023-11-30,0.493,0.489,0.495,0.487,922945,45291973.11,1.62,-0.81,-0.004,3.91
2023-12-01,0.489,0.488,0.49,0.482,1043847,50716000.1,1.64,-0.2,-0.001,4.42
2023-12-04,0.485,0.482,0.487,0.482,810395,39256026.7,1.02,-1.23,-0.006,3.43
2023-12-05,0.48,0.477,0.487,0.476,1088599,52544474.6,2.28,-1.04,-0.005,4.61
2023-12-06,0.474,0.487,0.494,0.474,1453933,70808874.4,4.19,2.1,0.01,6.16
2023-12-07,0.486,0.483,0.487,0.479,1152766,55531892.895,1.64,-0.82,-0.004,4.89
2023-12-08,0.485,0.481,0.487,0.48,1576754,76071561.3,1.45,-0.41,-0.002,6.68
2023-12-11,0.478,0.483,0.483,0.47,1720653,81736995.075,2.7,0.42,0.002,7.29
2023-12-12,0.479,0.48,0.483,0.478,795072,38197396.331,1.04,-0.62,-0.003,3.37
2023-12-13,0.478,0.468,0.478,0.467,1229872,58002150.5,2.29,-2.5,-0.012,5.21
2023-12-14,0.471,0.465,0.475,0.465,895842,42084398.407,2.14,-0.64,-0.003,3.8
2023-12-15,0.467,0.466,0.475,0.465,1054581,49645314.6,2.15,0.22,0.001,4.47
2023-12-18,0.464,0.455,0.467,0.455,1057077,48706126.4,2.58,-2.36,-0.011,4.48
2023-12-19,0.455,0.458,0.463,0.453,1027538,47080618.4,2.2,0.66,0.003,4.35
2023-12-20,0.458,0.454,0.461,0.454,809757,37013566.2,1.53,-0.87,-0.004,3.43
2023-12-21,0.453,0.465,0.469,0.451,1407578,64760574.2,3.96,2.42,0.011,5.97
2023-12-22,0.464,0.472,0.479,0.459,1746565,81973202.2,4.3,1.51,0.007,7.4
2023-12-25,0.47,0.475,0.478,0.469,668095,31681147.7,1.91,0.64,0.003,2.83
2023-12-26,0.473,0.472,0.475,0.471,662432,31325953.32,0.84,-0.63,-0.003,2.81
2023-12-27,0.472,0.469,0.474,0.466,919711,43089455.6,1.69,-0.64,-0.003,3.9
2023-12-28,0.468,0.5,0.501,0.467,2871883,140456611.993,7.25,6.61,0.031,12.17
2023-12-29,0.5,0.498,0.502,0.496,1059871,52845919.5,1.2,-0.4,-0.002,4.49
2024-01-02,0.497,0.489,0.497,0.488,969244,47669785.556,1.81,-1.81,-0.009,4.11
2024-01-03,0.488,0.49,0.492,0.485,994118,48574522.156,1.43,0.2,0.001,4.21
2024-01-04,0.49,0.481,0.49,0.477,1126239,54277531.8,2.65,-1.84,-0.009,4.77
2024-01-05,0.481,0.475,0.489,0.472,1212383,58392148.6,3.53,-1.25,-0.006,5.14
2024-01-08,0.473,0.47,0.481,0.469,894550,42500663.57,2.53,-1.05,-0.005,3.79
2024-01-09,0.471,0.476,0.484,0.463,1093395,51587931.6,4.47,1.28,0.006,4.63
2024-01-10,0.473,0.48,0.489,0.469,1118449,53614989.855,4.2,0.84,0.004,4.74
2024-01-11,0.479,0.492,0.496,0.477,1286039,62458541.992,3.96,2.5,0.012,5.45
2024-01-12,0.49,0.491,0.5,0.488,1244031,61454624.9,2.44,-0.2,-0.001,5.27
2024-01-15,0.488,0.483,0.491,0.482,798336,38785617.2,1.83,-1.63,-0.008,3.38
2024-01-16,0.481,0.492,0.494,0.479,1198035,58439097.7,3.11,1.86,0.009,5.08
2024-01-17,0.489,0.476,0.49,0.475,1037838,50025674.8,3.05,-3.25,-0.016,4.4
2024-01-18,0.473,0.489,0.49,0.471,1509055,72318279.14,3.99,2.73,0.013,6.4
2024-01-19,0.485,0.482,0.496,0.482,1140292,55663831.088,2.86,-1.43,-0.007,4.83
2024-01-22,0.476,0.468,0.481,0.464,1332133,62853868.9,3.53,-2.9,-0.014,5.65
2024-01-23,0.465,0.471,0.479,0.461,1187530,55945985.9,3.85,0.64,0.003,5.03
2024-01-24,0.474,0.469,0.476,0.455,1342292,62470651.5,4.46,-0.42,-0.002,5.69
2024-01-25,0.467,0.477,0.477,0.46,1321095,61799492.8,3.62,1.71,0.008,5.6
2024-01-26,0.473,0.469,0.478,0.467,1176952,55626176.7,2.31,-1.68,-0.008,4.99
2024-01-29,0.469,0.447,0.471,0.446,1631528,74141615.2,5.33,-4.69,-0.022,6.91
2024-01-30,0.442,0.436,0.449,0.433,1158347,51235843.2,3.58,-2.46,-0.011,4.91
2024-01-31,0.433,0.426,0.442,0.424,1375938,59735231.831,4.13,-2.29,-0.01,5.83
2024-02-01,0.424,0.427,0.436,0.423,1051380,45050426.31,3.05,0.23,0.001,4.46
2024-02-02,0.427,0.413,0.428,0.4,1750313,73022892.8,6.56,-3.28,-0.014,7.42
2024-02-05,0.409,0.403,0.414,0.387,1526570,61307567.6,6.54,-2.42,-0.01,6.47
2024-02-06,0.402,0.429,0.429,0.398,1400524,58539537.5,7.69,6.45,0.026,5.94
2024-02-07,0.43,0.438,0.442,0.428,1302539,56870089.5,3.26,2.1,0.009,5.52
2024-02-08,0.44,0.447,0.453,0.439,1031490,46152350.2,3.2,2.05,0.009,4.37
2024-02-19,0.45,0.447,0.452,0.442,791365,35254613.9,2.24,0.0,0.0,3.35
2024-02-20,0.446,0.445,0.446,0.439,767681,33902178.5,1.57,-0.45,-0.002,3.25
2024-02-21,0.443,0.45,0.459,0.439,1160862,52184914.8,4.49,1.12,0.005,4.92
2024-02-22,0.449,0.452,0.456,0.446,768109,34681462.6,2.22,0.44,0.002,3.26
2024-02-23,0.453,0.457,0.459,0.452,744367,33929053.8,1.55,1.11,0.005,3.15
2024-02-26,0.455,0.454,0.46,0.45,723825,32902356.0,2.19,-0.66,-0.003,3.07
2024-02-27,0.453,0.46,0.46,0.45,828549,37650764.556,2.2,1.32,0.006,3.51
2024-02-28,0.463,0.455,0.478,0.454,1763830,82575384.396,5.22,-1.09,-0.005,7.47
2024-02-29,0.454,0.471,0.471,0.453,1231405,56942028.6,3.96,3.52,0.016,5.22
2024-03-01,0.472,0.473,0.476,0.467,1231355,58045510.2,1.91,0.42,0.002,5.22
2024-03-04,0.473,0.475,0.479,0.471,1056573,50231870.6,1.69,0.42,0.002,4.48
2024-03-05,0.47,0.468,0.472,0.465,823129,38496094.2,1.47,-1.47,-0.007,3.49
2024-03-06,0.466,0.476,0.483,0.464,1112959,52652608.3,4.06,1.71,0.008,4.72
2024-03-07,0.477,0.466,0.477,0.465,918328,43346311.5,2.52,-2.1,-0.01,3.89
2024-03-08,0.466,0.473,0.477,0.465,1105637,52209232.2,2.58,1.5,0.007,4.69
2024-03-11,0.479,0.502,0.503,0.479,2135727,105192529.812,5.07,6.13,0.029,9.05
2024-03-12,0.505,0.501,0.508,0.499,1587421,79703052.4,1.79,-0.2,-0.001,6.73
2024-03-13,0.499,0.498,0.502,0.496,897948,44777521.6,1.2,-0.6,-0.003,3.81
2024-03-14,0.498,0.493,0.501,0.489,851219,42194546.6,2.41,-1.0,-0.005,3.61
2024-03-15,0.489,0.491,0.493,0.481,1073539,52227840.6,2.43,-0.41,-0.002,4.55
2024-03-18,0.496,0.502,0.502,0.493,996904,49608793.8,1.83,2.24,0.011,4.22
2024-03-19,0.502,0.495,0.505,0.495,860395,42983252.0,1.99,-1.39,-0.007,3.65
2024-03-20,0.494,0.496,0.5,0.493,703725,34879734.0,1.41,0.2,0.001,2.98
2024-03-21,0.497,0.491,0.497,0.488,830023,40820380.9,1.81,-1.01,-0.005,3.52
2024-03-22,0.491,0.478,0.491,0.476,1203152,57858529.358,3.05,-2.65,-0.013,5.1
2024-03-25,0.476,0.47,0.48,0.47,899863,42635809.976,2.09,-1.67,-0.008,3.81
2024-03-26,0.47,0.479,0.482,0.469,1158601,54992214.6,2.77,1.91,0.009,4.91
2024-03-27,0.478,0.464,0.478,0.464,1067476,50408640.3,2.92,-3.13,-0.015,4.52
2024-03-28,0.464,0.468,0.473,0.464,951214,44547336.0,1.94,0.86,0.004,4.03
2024-03-29,0.468,0.473,0.477,0.467,922817,43535326.957,2.14,1.07,0.005,3.91
2024-04-01,0.475,0.487,0.487,0.475,1174470,56853450.2,2.54,2.96,0.014,4.98
2024-04-02,0.489,0.49,0.493,0.484,949614,46325778.6,1.85,0.62,0.003,4.02
2024-04-03,0.488,0.488,0.493,0.486,811570,39706334.9,1.43,-0.41,-0.002,3.44
2024-04-08,0.485,0.479,0.49,0.478,746766,36169499.761,2.46,-1.84,-0.009,3.16
2024-04-09,0.479,0.489,0.489,0.478,827188,40178021.784,2.3,2.09,0.01,3.51
2024-04-10,0.49,0.48,0.49,0.478,800181,38527761.7,2.45,-1.84,-0.009,3.39
2024-04-11,0.477,0.479,0.483,0.472,755925,36041619.7,2.29,-0.21,-0.001,3.2
2024-04-12,0.478,0.466,0.479,0.465,830125,39138856.2,2.92,-2.71,-0.013,3.52
2024-04-15,0.468,0.473,0.478,0.466,670222,31691787.345,2.58,1.5,0.007,2.84
2024-04-16,0.471,0.458,0.471,0.458,795196,36884294.6,2.75,-3.17,-0.015,3.37
2024-04-17,0.458,0.468,0.469,0.458,744046,34594523.1,2.4,2.18,0.01,3.15
2024-04-18,0.467,0.466,0.472,0.461,663628,30914806.1,2.35,-0.43,-0.002,2.81
2024-04-19,0.464,0.454,0.464,0.453,845323,38718408.263,2.36,-2.58,-0.012,3.58
2024-04-22,0.456,0.454,0.462,0.453,715025,32650997.8,1.98,0.0,0.0,3.03
2024-04-23,0.455,0.447,0.457,0.445,889517,39955789.7,2.64,-1.54,-0.007,3.77
2024-04-24,0.444,0.442,0.446,0.438,854424,37660093.4,1.79,-1.12,-0.005,3.62
2024-04-25,0.44,0.443,0.448,0.437,713025,31483516.792,2.49,0.23,0.001,3.02
2024-04-26,0.442,0.453,0.453,0.442,968809,43403060.0,2.48,2.26,0.01,4.11
2024-04-29,0.453,0.471,0.475,0.453,1258477,58718754.47,4.86,3.97,0.018,5.33
2024-04-30,0.472,0.463,0.473,0.463,701913,32725670.7,2.12,-1.7,-0.008,2.97
2024-05-06,0.471,0.473,0.475,0.47,735444,34749942.7,1.08,2.16,0.01,3.12
2024-05-07,0.472,0.473,0.474,0.468,547301,25804899.9,1.27,0.0,0.0,2.32
2024-05-08,0.472,0.465,0.472,0.465,515608,24152783.68,1.48,-1.69,-0.008,2.19
2024-05-09,0.47,0.479,0.482,0.469,922022,44036324.7,2.8,3.01,0.014,3.91
2024-05-10,0.477,0.473,0.479,0.47,946699,44728699.7,1.88,-1.25,-0.006,4.01
2024-05-13,0.466,0.469,0.473,0.463,789219,36984677.1,2.11,-0.85,-0.004,3.34
2024-05-14,0.469,0.467,0.471,0.465,689531,32242618.4,1.28,-0.43,-0.002,2.92
2024-05-15,0.465,0.462,0.473,0.46,552489,25727590.552,2.78,-1.07,-0.005,2.34
2024-05-16,0.464,0.461,0.466,0.459,606702,28032806.1,1.52,-0.22,-0.001,2.57
2024-05-17,0.458,0.464,0.464,0.455,654422,30024909.1,1.95,0.65,0.003,2.77
2024-05-20,0.466,0.466,0.469,0.463,558934,26030536.7,1.29,0.43,0.002,2.37
2024-05-21,0.466,0.461,0.467,0.458,537954,24795397.5,1.93,-1.07,-0.005,2.28
2024-05-22,0.462,0.477,0.479,0.462,1101287,51873436.2,3.69,3.47,0.016,4.67
2024-05-23,0.476,0.466,0.476,0.465,707999,33184981.5,2.31,-2.31,-0.011,3.0
2024-05-24,0.465,0.463,0.47,0.461,614987,28660915.2,1.93,-0.64,-0.003,2.61
2024-05-27,0.463,0.462,0.464,0.455,534865,24508168.274,1.94,-0.22,-0.001,2.27
2024-05-28,0.462,0.459,0.464,0.458,496521,22862192.2,1.3,-0.65,-0.003,2.1
2024-05-29,0.458,0.467,0.473,0.458,845237,39605046.224,3.27,1.74,0.008,3.58
2024-05-30,0.471,0.466,0.473,0.465,607860,28489889.57,1.71,-0.21,-0.001,2.58
2024-05-31,0.468,0.461,0.47,0.461,327505,15187613.5,1.93,-1.07,-0.005,1.39
2024-06-03,0.459,0.461,0.461,0.456,513889,23555687.1,1.08,0.0,0.0,2.18
2024-06-04,0.46,0.466,0.468,0.457,668305,30982221.8,2.39,1.08,0.005,2.83
2024-06-05,0.466,0.462,0.469,0.462,392358,18286351.9,1.5,-0.86,-0.004,1.66
2024-06-06,0.462,0.454,0.466,0.453,748939,34401901.0,2.81,-1.73,-0.008,3.17
2024-06-07,0.455,0.446,0.456,0.441,830570,37124063.2,3.3,-1.76,-0.008,3.52
2024-06-11,0.444,0.446,0.447,0.44,507090,22466625.7,1.57,0.0,0.0,2.15
2024-06-12,0.446,0.444,0.446,0.442,327919,14560612.3,0.9,-0.45,-0.002,1.39
2024-06-13,0.445,0.444,0.448,0.443,312103,13892253.7,1.13,0.0,0.0,1.32
2024-06-14,0.444,0.442,0.444,0.437,521315,22950643.7,1.58,-0.45,-0.002,2.21
2024-06-17,0.443,0.443,0.447,0.437,734463,32442649.3,2.26,0.23,0.001,3.11
2024-06-18,0.443,0.444,0.447,0.442,512905,22751406.2,1.13,0.23,0.001,2.17
2024-06-19,0.444,0.438,0.445,0.437,477204,20948620.3,1.8,-1.35,-0.006,2.02
2024-06-20,0.438,0.427,0.438,0.427,705739,30415332.7,2.51,-2.51,-0.011,2.99
2024-06-21,0.426,0.424,0.431,0.423,472461,20173668.2,1.87,-0.7,-0.003,2.0
2024-06-24,0.421,0.418,0.423,0.417,665788,27950887.295,1.42,-1.42,-0.006,2.82
2024-06-25,0.417,0.411,0.419,0.408,631514,26048731.7,2.63,-1.67,-0.007,2.68
2024-06-26,0.41,0.418,0.418,0.406,522736,21502684.6,2.92,1.7,0.007,2.22
2024-06-27,0.417,0.409,0.417,0.409,431657,17789836.9,1.91,-2.15,-0.009,1.83
2024-06-28,0.408,0.406,0.412,0.404,597434,24437470.8,1.96,-0.73,-0.003,2.53
2024-07-01,0.406,0.408,0.409,0.401,516978,20921346.2,1.97,0.49,0.002,2.19
2024-07-02,0.408,0.402,0.408,0.401,614983,24854358.6,1.72,-1.47,-0.006,2.61
2024-07-03,0.402,0.403,0.406,0.399,466355,18786865.7,1.74,0.25,0.001,1.98
2024-07-04,0.403,0.396,0.404,0.395,475613,19017321.8,2.23,-1.74,-0.007,2.02
2024-07-05,0.396,0.397,0.399,0.394,592414,23463755.5,1.26,0.25,0.001,2.51
2024-07-08,0.397,0.389,0.397,0.388,539347,21105086.0,2.27,-2.02,-0.008,2.29
2024-07-09,0.388,0.391,0.393,0.383,692739,26873536.787,2.57,0.51,0.002,2.94
2024-07-10,0.388,0.391,0.399,0.387,541737,21359975.5,3.07,0.0,0.0,2.3
2024-07-11,0.395,0.404,0.406,0.394,809545,32470212.4,3.07,3.32,0.013,3.43
2024-07-12,0.403,0.406,0.409,0.402,644439,26179136.4,1.73,0.5,0.002,2.73
2024-07-15,0.404,0.402,0.405,0.4,402027,16167102.6,1.23,-0.99,-0.004,1.7
2024-07-16,0.402,0.408,0.409,0.401,664429,26981955.208,1.99,1.49,0.006,2.82
2024-07-17,0.408,0.408,0.412,0.407,566677,23177175.6,1.23,0.0,0.0,2.4
2024-07-18,0.406,0.412,0.415,0.402,641791,26262691.0,3.19,0.98,0.004,2.72
2024-07-19,0.41,0.417,0.418,0.41,669178,27718303.1,1.94,1.21,0.005,2.84
2024-07-22,0.418,0.416,0.42,0.413,414697,17298096.0,1.68,-0.24,-0.001,1.76
2024-07-23,0.415,0.407,0.415,0.407,516152,21263137.2,1.92,-2.16,-0.009,2.19
2024-07-24,0.406,0.403,0.409,0.402,495754,20132045.205,1.72,-0.98,-0.004,2.1
2024-07-25,0.401,0.411,0.416,0.401,679897,27877680.6,3.72,1.99,0.008,2.88
2024-07-26,0.412,0.415,0.417,0.411,431204,17879257.4,1.46,0.97,0.004,1.83
2024-07-29,0.415,0.407,0.416,0.406,392678,16019966.5,2.41,-1.93,-0.008,1.66
2024-07-30,0.405,0.405,0.408,0.402,415974,16807148.412,1.47,-0.49,-0.002,1.76
2024-07-31,0.404,0.415,0.415,0.4,746154,30585802.7,3.7,2.47,0.01,3.16
2024-08-01,0.413,0.41,0.415,0.409,360562,14846427.7,1.45,-1.2,-0.005,1.53
2024-08-02,0.409,0.405,0.41,0.403,438435,17851943.8,1.71,-1.22,-0.005,1.86
2024-08-05,0.401,0.401,0.412,0.4,637930,25919013.207,2.96,-0.99,-0.004,2.7
2024-08-06,0.402,0.408,0.411,0.402,634271,25868956.8,2.24,1.75,0.007,2.69
2024-08-07,0.408,0.407,0.411,0.405,341745,13944789.1,1.47,-0.25,-0.001,1.45
2024-08-08,0.405,0.405,0.408,0.403,509821,20633443.1,1.23,-0.49,-0.002,2.16
2024-08-09,0.405,0.401,0.408,0.4,396798,15981072.2,1.98,-0.99,-0.004,1.68
2024-08-12,0.405,0.398,0.406,0.397,480544,19207026.3,2.24,-0.75,-0.003,2.04
2024-08-13,0.399,0.401,0.403,0.394,582305,23218489.6,2.26,0.75,0.003,2.47
2024-08-14,0.401,0.397,0.404,0.396,496118,19749507.5,2.0,-1.0,-0.004,2.1
2024-08-15,0.397,0.4,0.404,0.394,630144,25079288.6,2.52,0.76,0.003,2.67
2024-08-16,0.4,0.396,0.4,0.395,532431,21164074.7,1.25,-1.0,-0.004,2.26
2024-08-19,0.396,0.395,0.398,0.393,292699,11572781.7,1.26,-0.25,-0.001,1.24
2024-08-20,0.393,0.39,0.396,0.389,372727,14598400.3,1.77,-1.27,-0.005,1.58
2024-08-21,0.388,0.389,0.392,0.386,368605,14347617.6,1.54,-0.26,-0.001,1.56
2024-08-22,0.389,0.385,0.39,0.385,363366,14060913.0,1.29,-1.03,-0.004,1.54
2024-08-23,0.385,0.383,0.387,0.382,311096,11943477.2,1.3,-0.52,-0.002,1.32
2024-08-26,0.384,0.389,0.394,0.384,420139,16426605.7,2.61,1.57,0.006,1.78
2024-08-27,0.389,0.385,0.389,0.383,449143,17332764.8,1.54,-1.03,-0.004,1.9
2024-08-28,0.385,0.386,0.388,0.383,220588,8503513.5,1.3,0.26,0.001,0.93
2024-08-29,0.386,0.394,0.397,0.384,1034388,40698112.69,3.37,2.07,0.008,4.38
2024-08-30,0.394,0.4,0.404,0.392,583265,23286099.204,3.05,1.52,0.006,2.47
2024-09-02,0.399,0.391,0.401,0.39,347741,13732049.8,2.75,-2.25,-0.009,1.47
2024-09-03,0.39,0.394,0.398,0.388,282528,11106605.8,2.56,0.77,0.003,1.2
2024-09-04,0.394,0.395,0.4,0.392,871634,34563546.5,2.03,0.25,0.001,3.69
2024-09-05,0.395,0.396,0.401,0.395,493933,19642088.794,1.52,0.25,0.001,2.09
2024-09-06,0.397,0.389,0.397,0.387,379002,14802695.2,2.53,-1.77,-0.007,1.61
2024-09-09,0.388,0.385,0.391,0.383,445960,17260086.7,2.06,-1.03,-0.004,1.89
2024-09-10,0.385,0.384,0.387,0.379,493232,18865048.8,2.08,-0.26,-0.001,2.09
2024-09-11,0.382,0.391,0.392,0.382,596397,23195527.1,2.6,1.82,0.007,2.53
2024-09-12,0.391,0.391,0.399,0.39,479645,18933577.9,2.3,0.0,0.0,2.03
2024-09-13,0.392,0.383,0.392,0.382,484548,18652359.7,2.56,-2.05,-0.008,2.05
2024-09-18,0.385,0.381,0.385,0.377,640123,24371792.5,2.09,-0.52,-0.002,2.71
2024-09-19,0.382,0.383,0.389,0.378,620650,23849272.7,2.89,0.52,0.002,2.63
2024-09-20,0.383,0.38,0.384,0.376,466323,17637290.3,2.09,-0.78,-0.003,1.98
2024-09-23,0.378,0.378,0.381,0.376,360648,13643139.877,1.32,-0.53,-0.002,1.53
2024-09-24,0.379,0.396,0.396,0.378,1026338,39754878.581,4.76,4.76,0.018,4.35
2024-09-25,0.399,0.4,0.411,0.399,834102,33769792.7,3.03,1.01,0.004,3.53
2024-09-26,0.4,0.414,0.414,0.396,989369,40054083.4,4.5,3.5,0.014,4.19
2024-09-27,0.423,0.452,0.454,0.421,1983124,86443735.5,7.97,9.18,0.038,8.4
2024-09-30,0.487,0.497,0.497,0.459,2797466,135363534.86,8.41,9.96,0.045,11.86
2024-10-08,0.547,0.547,0.547,0.512,3632916,196680169.7,7.04,10.06,0.05,15.4
2024-10-09,0.548,0.498,0.548,0.496,2729168,140893147.3,9.51,-8.96,-0.049,11.57
2024-10-10,0.495,0.496,0.51,0.487,1695214,84655053.0,4.62,-0.4,-0.002,7.18
2024-10-11,0.488,0.47,0.49,0.462,2050965,97298060.8,5.65,-5.24,-0.026,8.69
2024-10-14,0.469,0.479,0.481,0.465,1775435,84067193.562,3.4,1.91,0.009,7.52
2024-10-15,0.477,0.465,0.478,0.465,1307367,61570677.621,2.71,-2.92,-0.014,5.54
2024-10-16,0.457,0.455,0.462,0.452,1404368,64187528.2,2.15,-2.15,-0.01,5.95
2024-10-17,0.456,0.448,0.46,0.448,1081459,49082839.7,2.64,-1.54,-0.007,4.58
2024-10-18,0.448,0.469,0.484,0.446,1826687,84603929.5,8.48,4.69,0.021,7.74
2024-10-21,0.473,0.482,0.492,0.473,1762697,84967294.9,4.05,2.77,0.013,7.47
2024-10-22,0.478,0.49,0.492,0.474,1582442,76296627.3,3.73,1.66,0.008,6.71
2024-10-23,0.491,0.507,0.519,0.486,3431391,173899171.401,6.73,3.47,0.017,14.54
2024-10-24,0.5,0.492,0.505,0.49,1991960,98653258.4,2.96,-2.96,-0.015,8.44
2024-10-25,0.491,0.523,0.529,0.491,3383955,174677270.723,7.72,6.3,0.031,14.34
2024-10-28,0.522,0.52,0.523,0.51,1358012,70097919.338,2.49,-0.57,-0.003,5.76
2024-10-29,0.529,0.507,0.533,0.506,1471582,75948683.4,5.19,-2.5,-0.013,6.24
2024-10-30,0.504,0.503,0.51,0.499,788044,39710323.2,2.17,-0.79,-0.004,3.34
2024-10-31,0.512,0.513,0.519,0.505,1272678,65328033.215,2.78,1.99,0.01,5.39
2024-11-01,0.508,0.505,0.515,0.5,972318,49428806.9,2.92,-1.56,-0.008,4.12
2024-11-04,0.504,0.511,0.514,0.503,867805,44074446.112,2.18,1.19,0.006,3.68
2024-11-05,0.51,0.526,0.527,0.507,1498559,77973554.2,3.91,2.94,0.015,6.35
2024-11-06,0.526,0.525,0.545,0.523,1862180,99502618.934,4.18,-0.19,-0.001,7.89
2024-11-07,0.518,0.529,0.529,0.512,1472293,76669138.7,3.24,0.76,0.004,6.24
2024-11-08,0.533,0.527,0.544,0.527,1491108,79832931.0,3.21,-0.38,-0.002,6.32
2024-11-11,0.522,0.547,0.547,0.521,1746319,94022380.5,4.93,3.8,0.02,7.4
2024-11-12,0.55,0.545,0.564,0.539,2001914,111077168.3,4.57,-0.37,-0.002,8.48
2024-11-13,0.541,0.55,0.55,0.536,1210019,65723490.6,2.57,0.92,0.005,5.13
2024-11-14,0.551,0.533,0.556,0.531,1024273,55586546.7,4.55,-3.09,-0.017,4.34
2024-11-15,0.529,0.513,0.531,0.513,1202516,62878613.588,3.38,-3.75,-0.02,5.1
2024-11-18,0.513,0.507,0.521,0.503,966037,49416614.016,3.51,-1.17,-0.006,4.09
2024-11-19,0.513,0.525,0.526,0.503,1156672,59495909.7,4.54,3.55,0.018,4.9
2024-11-20,0.521,0.525,0.528,0.518,739394,38627165.9,1.9,0.0,0.0,3.13
2024-11-21,0.526,0.525,0.53,0.521,545927,28700521.8,1.71,0.0,0.0,2.31
2024-11-22,0.523,0.506,0.523,0.505,763547,39300654.6,3.43,-3.62,-0.019,3.24
2024-11-25,0.506,0.511,0.515,0.504,803354,40940714.799,2.17,0.99,0.005,3.4
2024-11-26,0.512,0.501,0.513,0.5,696662,35184166.1,2.54,-1.96,-0.01,2.95
2024-11-27,0.5,0.512,0.512,0.492,790089,39670929.224,3.99,2.2,0.011,3.35
2024-11-28,0.509,0.506,0.514,0.505,588387,29982758.8,1.76,-1.17,-0.006,2.49
2024-11-29,0.506,0.512,0.518,0.503,987655,50597759.345,2.96,1.19,0.006,4.19
2024-12-02,0.508,0.516,0.517,0.503,991227,50819562.5,2.73,0.78,0.004,4.2
2024-12-03,0.516,0.515,0.518,0.511,503826,25926058.6,1.36,-0.19,-0.001,2.14
2024-12-04,0.515,0.504,0.515,0.503,695681,35269542.3,2.33,-2.14,-0.011,2.95
2024-12-05,0.501,0.503,0.506,0.501,565032,28417117.519,0.99,-0.2,-0.001,2.39
2024-12-06,0.503,0.509,0.512,0.495,1126641,56928391.408,3.38,1.19,0.006,4.77
2024-12-09,0.509,0.505,0.51,0.502,541997,27404837.507,1.57,-0.79,-0.004,2.3
2024-12-10,0.518,0.505,0.522,0.503,929682,47609803.1,3.76,0.0,0.0,3.94
2024-12-11,0.505,0.504,0.506,0.501,513074,25832285.6,0.99,-0.2,-0.001,2.17
2024-12-12,0.503,0.507,0.509,0.5,809640,40842497.3,1.79,0.6,0.003,3.43
2024-12-13,0.505,0.495,0.505,0.494,830834,41394629.5,2.17,-2.37,-0.012,3.52
2024-12-16,0.494,0.487,0.495,0.485,792255,38692394.7,2.02,-1.62,-0.008,3.36
2024-12-17,0.486,0.486,0.493,0.485,744948,36390989.468,1.64,-0.21,-0.001,3.16
2024-12-18,0.487,0.484,0.489,0.483,552016,26807390.83,1.23,-0.41,-0.002,2.34
2024-12-19,0.48,0.482,0.483,0.477,588812,28228178.5,1.24,-0.41,-0.002,2.5
2024-12-20,0.482,0.48,0.484,0.479,706122,33945332.8,1.04,-0.41,-0.002,2.99
2024-12-23,0.48,0.479,0.485,0.477,564770,27178692.26,1.67,-0.21,-0.001,2.39
2024-12-24,0.479,0.485,0.487,0.479,616977,29840981.706,1.67,1.25,0.006,2.61
2024-12-25,0.486,0.481,0.487,0.477,798601,38379634.7,2.06,-0.82,-0.004,3.38
2024-12-26,0.48,0.478,0.482,0.476,544828,26069853.8,1.25,-0.62,-0.003,2.31
2024-12-27,0.478,0.477,0.482,0.474,812987,38948416.0,1.67,-0.21,-0.001,3.45
2024-12-30,0.476,0.477,0.479,0.474,523077,24938851.331,1.05,0.0,0.0,2.22
2024-12-31,0.477,0.468,0.481,0.468,555076,26281145.4,2.73,-1.89,-0.009,2.35
2025-01-02,0.468,0.455,0.468,0.451,877854,40397106.8,3.63,-2.78,-0.013,3.72
2025-01-03,0.456,0.446,0.458,0.445,659064,29752401.4,2.86,-1.98,-0.009,2.79
2025-01-06,0.448,0.447,0.452,0.443,640983,28637480.2,2.02,0.22,0.001,2.72
2025-01-07,0.442,0.447,0.448,0.44,480187,21339098.3,1.79,0.0,0.0,2.03
2025-01-08,0.446,0.445,0.449,0.437,514141,22823773.4,2.68,-0.45,-0.002,2.18
2025-01-09,0.444,0.445,0.449,0.443,616714,27481094.3,1.35,0.0,0.0,2.61
2025-01-10,0.445,0.433,0.445,0.433,506521,22201634.4,2.7,-2.7,-0.012,2.15
2025-01-13,0.431,0.435,0.439,0.429,677549,29481158.6,2.31,0.46,0.002,2.87
2025-01-14,0.436,0.449,0.451,0.435,771441,34260360.8,3.68,3.22,0.014,3.27
2025-01-15,0.449,0.448,0.455,0.444,459040,20591626.745,2.45,-0.22,-0.001,1.95
2025-01-16,0.449,0.451,0.457,0.447,594633,26838233.6,2.23,0.67,0.003,2.52
2025-01-17,0.452,0.452,0.456,0.448,596839,26917510.5,1.77,0.22,0.001,2.53
2025-01-20,0.452,0.456,0.46,0.452,536555,24501331.4,1.77,0.88,0.004,2.27
2025-01-21,0.458,0.45,0.458,0.448,500877,22554693.9,2.19,-1.32,-0.006,2.12
2025-01-22,0.449,0.444,0.449,0.442,412266,18278174.0,1.56,-1.33,-0.006,1.75
2025-01-23,0.448,0.443,0.452,0.442,602834,26984691.6,2.25,-0.23,-0.001,2.55
2025-01-24,0.443,0.448,0.451,0.44,769552,34417096.3,2.48,1.13,0.005,3.26
2025-01-27,0.448,0.444,0.452,0.443,496826,22212803.8,2.01,-0.89,-0.004,2.11
2025-02-05,0.445,0.443,0.446,0.439,558900,24706439.1,1.58,-0.23,-0.001,2.37
2025-02-06,0.44,0.451,0.452,0.439,727198,32462930.4,2.93,1.81,0.008,3.08
2025-02-07,0.451,0.464,0.468,0.45,1376325,63521314.33,3.99,2.88,0.013,5.83
2025-02-10,0.465,0.462,0.465,0.455,954343,43805876.8,2.16,-0.43,-0.002,4.04
2025-02-11,0.46,0.454,0.46,0.451,792614,35964504.6,1.95,-1.73,-0.008,3.36
2025-02-12,0.45,0.459,0.459,0.45,850717,38648405.2,1.98,1.1,0.005,3.61
2025-02-13,0.459,0.456,0.462,0.456,808358,37122328.6,1.31,-0.65,-0.003,3.43
2025-02-14,0.458,0.461,0.464,0.456,1299466,59813745.0,1.75,1.1,0.005,5.51
2025-02-17,0.462,0.461,0.462,0.456,856163,39309213.895,1.3,0.0,0.0,3.63
2025-02-18,0.463,0.459,0.469,0.456,1245041,57785475.015,2.82,-0.43,-0.002,5.28
2025-02-19,0.456,0.464,0.465,0.455,867414,39929594.9,2.18,1.09,0.005,3.68
2025-02-20,0.465,0.459,0.465,0.456,927604,42580108.418,1.94,-1.08,-0.005,3.93
2025-02-21,0.46,0.465,0.465,0.459,1117693,51677240.656,1.31,1.31,0.006,4.74
2025-02-24,0.464,0.466,0.468,0.461,960401,44683211.2,1.51,0.22,0.001,4.07
2025-02-25,0.463,0.465,0.469,0.46,935810,43643270.6,1.93,-0.21,-0.001,3.97
2025-02-26,0.466,0.476,0.476,0.466,1215641,57266511.47,2.15,2.37,0.011,5.15
2025-02-27,0.479,0.476,0.479,0.47,1053219,49954881.9,1.89,0.0,0.0,4.46
2025-02-28,0.476,0.467,0.48,0.465,978516,46289485.9,3.15,-1.89,-0.009,4.15
2025-03-03,0.467,0.477,0.486,0.466,1730519,82867206.4,4.28,2.14,0.01,7.33
2025-03-04,0.474,0.472,0.474,0.466,938302,44018237.867,1.68,-1.05,-0.005,3.98
2025-03-05,0.472,0.466,0.472,0.462,764927,35575479.1,2.12,-1.27,-0.006,3.24
2025-03-06,0.467,0.473,0.474,0.465,972402,45659020.169,1.93,1.5,0.007,4.12
2025-03-07,0.472,0.468,0.473,0.466,719617,33727692.8,1.48,-1.06,-0.005,3.05
2025-03-10,0.467,0.469,0.472,0.464,667058,31197510.6,1.71,0.21,0.001,2.83
2025-03-11,0.464,0.47,0.47,0.463,606296,28263723.1,1.49,0.21,0.001,2.57
2025-03-12,0.47,0.468,0.472,0.467,603572,28312349.17,1.06,-0.43,-0.002,2.56
2025-03-13,0.468,0.465,0.472,0.463,838956,39106247.0,1.92,-0.64,-0.003,3.56
2025-03-14,0.465,0.474,0.474,0.465,900462,42424963.8,1.94,1.94,0.009,3.82
2025-03-17,0.475,0.475,0.478,0.473,717358,34086690.874,1.05,0.21,0.001,3.04
2025-03-18,0.475,0.475,0.478,0.473,637722,30293632.5,1.05,0.0,0.0,2.7
2025-03-19,0.475,0.475,0.479,0.47,735092,34845774.6,1.89,0.0,0.0,3.12
2025-03-20,0.474,0.47,0.475,0.47,507937,24018495.6,1.05,-1.05,-0.005,2.15
2025-03-21,0.47,0.464,0.473,0.463,711273,33284783.771,2.13,-1.28,-0.006,3.01
2025-03-24,0.464,0.462,0.466,0.456,603392,27815161.3,2.16,-0.43,-0.002,2.56
2025-03-25,0.462,0.466,0.469,0.461,553255,25751142.5,1.73,0.87,0.004,2.34
2025-03-26,0.465,0.468,0.472,0.465,575091,26933749.737,1.5,0.43,0.002,2.44
2025-03-27,0.467,0.464,0.468,0.46,458877,21288184.4,1.71,-0.85,-0.004,1.94
2025-03-28,0.463,0.46,0.466,0.458,424360,19590229.6,1.72,-0.86,-0.004,1.8
2025-03-31,0.459,0.449,0.459,0.446,708501,32019546.3,2.83,-2.39,-0.011,3.0
2025-04-01,0.449,0.452,0.454,0.447,482843,21780263.65,1.56,0.67,0.003,2.05
2025-04-02,0.45,0.451,0.454,0.449,352632,15916032.8,1.11,-0.22,-0.001,1.49
2025-04-03,0.446,0.444,0.449,0.443,505030,22501950.9,1.33,-1.55,-0.007,2.14
2025-04-07,0.415,0.4,0.421,0.4,1169390,47539653.8,4.73,-9.91,-0.044,4.96
2025-04-08,0.396,0.398,0.404,0.393,859732,34100461.6,2.75,-0.5,-0.002,3.64
2025-04-09,0.393,0.4,0.402,0.383,778902,30731531.995,4.77,0.5,0.002,3.3
2025-04-10,0.408,0.407,0.414,0.406,1190791,48849781.5,2.0,1.75,0.007,5.05
2025-04-11,0.406,0.41,0.413,0.403,701767,28652309.9,2.46,0.74,0.003,2.97
2025-04-14,0.416,0.413,0.416,0.412,544428,22534300.3,0.98,0.73,0.003,2.31
2025-04-15,0.412,0.413,0.415,0.41,514626,21226436.8,1.21,0.0,0.0,2.18
2025-04-16,0.412,0.41,0.412,0.404,587784,23937123.7,1.94,-0.73,-0.003,2.49
2025-04-17,0.408,0.409,0.412,0.407,549275,22477093.2,1.22,-0.24,-0.001,2.33
2025-04-18,0.409,0.409,0.41,0.406,337574,13766117.5,0.98,0.0,0.0,1.43
2025-04-21,0.408,0.414,0.414,0.406,524199,21548836.5,1.96,1.22,0.005,2.22
2025-04-22,0.413,0.412,0.415,0.411,498145,20571915.5,0.97,-0.48,-0.002,2.11
2025-04-23,0.415,0.414,0.418,0.412,490903,20395680.4,1.46,0.49,0.002,2.08
2025-04-24,0.416,0.414,0.419,0.413,560032,23283733.8,1.45,0.0,0.0,2.37
2025-04-25,0.413,0.416,0.418,0.412,418567,17385385.015,1.45,0.48,0.002,1.77
2025-04-28,0.416,0.414,0.418,0.414,831671,34543524.3,0.96,-0.48,-0.002,3.52
2025-04-29,0.414,0.412,0.415,0.412,278789,11527287.7,0.72,-0.48,-0.002,1.18
2025-04-30,0.411,0.414,0.416,0.411,332446,13761871.0,1.21,0.49,0.002,1.41
2025-05-06,0.414,0.42,0.421,0.413,545191,22822128.6,1.93,1.45,0.006,2.31
2025-05-07,0.424,0.422,0.428,0.419,555342,23503679.8,2.14,0.48,0.002,2.35
2025-05-08,0.422,0.429,0.431,0.42,701948,29970406.3,2.61,1.66,0.007,2.97
2025-05-09,0.428,0.427,0.428,0.422,712552,30333738.7,1.4,-0.47,-0.002,3.02
2025-05-12,0.43,0.436,0.437,0.43,810174,35108898.8,1.64,2.11,0.009,3.43
2025-05-13,0.44,0.44,0.446,0.438,790648,34889340.5,1.83,0.92,0.004,3.35
2025-05-14,0.439,0.44,0.442,0.435,515158,22533628.5,1.59,0.0,0.0,2.18
2025-05-15,0.44,0.432,0.44,0.432,465779,20228395.93,1.82,-1.82,-0.008,1.97
2025-05-16,0.432,0.433,0.435,0.431,329878,14301150.6,0.93,0.23,0.001,1.4
2025-05-19,0.433,0.432,0.434,0.428,394230,16986928.4,1.39,-0.23,-0.001,1.67
2025-05-20,0.433,0.435,0.436,0.43,457049,19780196.102,1.39,0.69,0.003,1.94
2025-05-21,0.435,0.439,0.442,0.435,716466,31517250.9,1.61,0.92,0.004,3.04
2025-05-22,0.438,0.433,0.439,0.433,447891,19478958.0,1.37,-1.37,-0.006,1.9
2025-05-23,0.434,0.429,0.437,0.429,468969,20314291.636,1.85,-0.92,-0.004,1.99
2025-05-26,0.429,0.426,0.43,0.424,435939,18599091.7,1.4,-0.7,-0.003,1.85
2025-05-27,0.426,0.423,0.427,0.421,289693,12269616.3,1.41,-0.7,-0.003,1.23
2025-05-28,0.424,0.421,0.425,0.42,294217,12420333.8,1.18,-0.47,-0.002,1.25
2025-05-29,0.421,0.425,0.425,0.42,297634,12591002.9,1.19,0.95,0.004,1.26
2025-05-30,0.424,0.42,0.424,0.419,341569,14362849.52,1.18,-1.18,-0.005,1.45
2025-06-03,0.419,0.42,0.421,0.418,431929,18120457.1,0.71,0.0,0.0,1.83
2025-06-04,0.42,0.425,0.425,0.42,357933,15164445.971,1.19,1.19,0.005,1.52
2025-06-05,0.424,0.425,0.425,0.421,333809,14126856.8,0.94,0.0,0.0,1.41
2025-06-06,0.424,0.424,0.426,0.423,265756,11276403.0,0.71,-0.24,-0.001,1.13
2025-06-09,0.423,0.428,0.429,0.423,669042,28558713.1,1.42,0.94,0.004,2.84
2025-06-10,0.427,0.424,0.43,0.421,664525,28260522.503,2.1,-0.93,-0.004,2.82
2025-06-11,0.424,0.43,0.432,0.424,733415,31528181.9,1.89,1.42,0.006,3.11
2025-06-12,0.429,0.429,0.43,0.426,312586,13374758.3,0.93,-0.23,-0.001,1.32
2025-06-13,0.428,0.425,0.429,0.423,397981,16934928.8,1.4,-0.93,-0.004,1.69
2025-06-16,0.423,0.426,0.427,0.423,322703,13705940.298,0.94,0.24,0.001,1.37
2025-06-17,0.426,0.427,0.428,0.423,422828,18012739.9,1.17,0.23,0.001,1.79
2025-06-18,0.426,0.427,0.428,0.425,267229,11408699.2,0.7,0.0,0.0,1.13
2025-06-19,0.427,0.423,0.431,0.421,662551,28225135.8,2.34,-0.94,-0.004,2.81
2025-06-20,0.422,0.422,0.429,0.421,566177,24093512.55,1.89,-0.24,-0.001,2.4
2025-06-23,0.421,0.426,0.427,0.419,483015,20502096.6,1.9,0.95,0.004,2.05
2025-06-24,0.427,0.437,0.437,0.426,775074,33533402.0,2.58,2.58,0.011,3.28
2025-06-25,0.437,0.442,0.443,0.436,698890,30721929.1,1.6,1.14,0.005,2.96
2025-06-26,0.443,0.44,0.446,0.439,578138,25628671.4,1.58,-0.45,-0.002,2.45
2025-06-27,0.439,0.441,0.448,0.439,566306,25160209.3,2.05,0.23,0.001,2.4
2025-06-30,0.443,0.448,0.449,0.442,653329,29149938.7,1.59,1.59,0.007,2.77
2025-07-01,0.448,0.447,0.448,0.442,534964,23750308.8,1.34,-0.22,-0.001,2.27
2025-07-02,0.447,0.451,0.452,0.444,765209,34320442.1,1.79,0.89,0.004,3.24
2025-07-03,0.452,0.456,0.458,0.448,537513,24376376.8,2.22,1.11,0.005,2.28
2025-07-04,0.457,0.453,0.459,0.451,611367,27764643.7,1.75,-0.66,-0.003,2.59
2025-07-07,0.452,0.45,0.454,0.449,412581,18593338.751,1.1,-0.66,-0.003,1.75
2025-07-08,0.449,0.465,0.468,0.449,1313016,60514792.46,4.22,3.33,0.015,5.56
2025-07-09,0.466,0.464,0.469,0.463,932387,43513686.536,1.29,-0.22,-0.001,3.95
2025-07-10,0.464,0.468,0.471,0.463,711327,33272005.332,1.72,0.86,0.004,3.01
2025-07-11,0.468,0.467,0.471,0.465,624757,29206978.2,1.28,-0.21,-0.001,2.65
2025-07-14,0.467,0.467,0.472,0.465,469611,21981667.2,1.5,0.0,0.0,1.99
2025-07-15,0.466,0.462,0.469,0.458,638863,29582754.022,2.36,-1.07,-0.005,2.71
2025-07-16,0.462,0.461,0.462,0.458,470712,21651384.5,0.87,-0.22,-0.001,1.99
2025-07-17,0.462,0.466,0.466,0.46,563583,26131312.9,1.3,1.08,0.005,2.39
2025-07-18,0.465,0.469,0.472,0.465,649146,30442893.9,1.5,0.64,0.003,2.75
2025-07-21,0.469,0.475,0.475,0.469,615241,29093336.6,1.28,1.28,0.006,2.61
2025-07-22,0.475,0.486,0.488,0.474,1385949,66779018.3,2.95,2.32,0.011,5.87
2025-07-23,0.489,0.481,0.491,0.48,880000,42798285.838,2.26,-1.03,-0.005,3.73
2025-07-24,0.478,0.494,0.495,0.478,1377723,67274537.67,3.53,2.7,0.013,5.84
2025-07-25,0.496,0.491,0.496,0.489,797916,39255040.1,1.42,-0.61,-0.003,3.38
2025-07-28,0.49,0.49,0.493,0.484,790206,38622302.7,1.83,-0.2,-0.001,3.35
2025-07-29,0.489,0.494,0.494,0.487,773965,37946462.693,1.43,0.82,0.004,3.28
2025-07-30,0.494,0.484,0.494,0.482,1246975,60843344.184,2.43,-2.02,-0.01,5.28
2025-07-31,0.484,0.47,0.485,0.468,1287522,61196128.0,3.51,-2.89,-0.014,5.46
2025-08-01,0.47,0.472,0.478,0.468,958884,45385458.342,2.13,0.43,0.002,4.06
2025-08-04,0.47,0.471,0.472,0.467,508815,23861117.9,1.06,-0.21,-0.001,2.16
2025-08-05,0.473,0.475,0.475,0.471,567301,26847534.9,0.85,0.85,0.004,2.4
2025-08-06,0.475,0.477,0.477,0.472,756559,35907504.7,1.05,0.42,0.002,3.21
2025-08-07,0.477,0.475,0.478,0.47,824558,39032136.4,1.68,-0.42,-0.002,3.49
2025-08-08,0.474,0.479,0.484,0.473,899250,43059376.434,2.32,0.84,0.004,3.81
2025-08-11,0.483,0.492,0.493,0.482,1239398,60528167.9,2.3,2.71,0.013,5.25
2025-08-12,0.49,0.489,0.491,0.483,890199,43340706.388,1.63,-0.61,-0.003,3.77
2025-08-13,0.491,0.495,0.497,0.488,1302950,64089932.993,1.84,1.23,0.006,5.52
2025-08-14,0.496,0.487,0.496,0.485,907644,44585044.8,2.22,-1.62,-0.008,3.85
2025-08-15,0.488,0.503,0.504,0.486,1190408,59343607.514,3.7,3.29,0.016,5.04
2025-08-18,0.506,0.507,0.513,0.504,1469348,74705897.652,1.79,0.8,0.004,6.23
2025-08-19,0.507,0.506,0.51,0.504,827720,42011088.733,1.18,-0.2,-0.001,3.51
2025-08-20,0.505,0.51,0.51,0.499,920615,46367412.2,2.17,0.79,0.004,3.9
2025-08-21,0.51,0.507,0.512,0.504,1021347,51906995.444,1.57,-0.59,-0.003,4.33
2025-08-22,0.505,0.517,0.517,0.505,1261905,64774872.03,2.37,1.97,0.01,5.35
2025-08-25,0.519,0.53,0.534,0.519,1536872,80969656.453,2.9,2.51,0.013,6.51
2025-08-26,0.531,0.527,0.531,0.523,984673,51921743.8,1.51,-0.57,-0.003,4.17
2025-08-27,0.527,0.517,0.535,0.516,1508532,79507993.8,3.61,-1.9,-0.01,6.39
2025-08-28,0.515,0.526,0.527,0.512,1034735,53887749.5,2.9,1.74,0.009,4.39
2025-08-29,0.527,0.546,0.55,0.526,2233908,120700384.844,4.56,3.8,0.02,9.47
2025-09-01,0.548,0.55,0.55,0.539,2462943,134126516.5,2.01,0.73,0.004,10.44
2025-09-02,0.55,0.542,0.558,0.536,1891551,103248489.0,4.0,-1.45,-0.008,8.02
2025-09-03,0.542,0.552,0.554,0.542,2284934,125547521.5,2.21,1.85,0.01,9.68
2025-09-04,0.552,0.554,0.575,0.544,4810185,268832156.266,5.62,0.36,0.002,20.39
2025-09-05,0.554,0.605,0.605,0.552,4216722,245534693.664,9.57,9.21,0.051,17.87
2025-09-08,0.609,0.606,0.617,0.596,3801904,229906179.195,3.47,0.17,0.001,16.11
2025-09-09,0.599,0.598,0.609,0.593,2527943,151866693.197,2.64,-1.32,-0.008,10.71
2025-09-10,0.59,0.588,0.595,0.58,2196897,128943134.1,2.51,-1.67,-0.01,9.31
2025-09-11,0.587,0.602,0.602,0.581,1937984,114876991.428,3.57,2.38,0.014,8.21
2025-09-12,0.602,0.597,0.605,0.593,2095322,125441112.0,1.99,-0.83,-0.005,8.88
2025-09-15,0.598,0.608,0.625,0.598,2231472,137085265.4,4.52,1.84,0.011,9.46
2025-09-16,0.61,0.608,0.613,0.594,1742904,105088867.5,3.13,0.0,0.0,7.39
2025-09-17,0.608,0.617,0.62,0.6,1599071,97846531.008,3.29,1.48,0.009,6.78
2025-09-18,0.617,0.608,0.618,0.597,1966620,120086158.2,3.4,-1.46,-0.009,8.33
2025-09-19,0.608,0.608,0.617,0.604,1648451,100615840.36,2.14,0.0,0.0,6.99
2025-09-22,0.608,0.605,0.611,0.597,1147848,69082977.028,2.3,-0.49,-0.003,4.86
2025-09-23,0.605,0.607,0.617,0.594,1622682,98224220.1,3.8,0.33,0.002,6.88
2025-09-24,0.604,0.63,0.63,0.602,2042432,126283697.63,4.61,3.79,0.023,8.66
2025-09-25,0.63,0.639,0.649,0.628,3100316,198390561.8,3.33,1.43,0.009,13.14
2025-09-26,0.638,0.634,0.649,0.632,1915035,122766670.6,2.66,-0.78,-0.005,8.12
2025-09-29,0.639,0.657,0.661,0.639,2165102,141322515.2,3.47,3.63,0.023,9.18
2025-09-30,0.66,0.674,0.674,0.654,1957536,130608153.228,3.04,2.59,0.017,8.3
2025-10-09,0.687,0.693,0.699,0.675,2739263,188641190.631,3.56,2.82,0.019,11.61
2025-10-10,0.69,0.653,0.69,0.65,4724983,312597024.7,5.77,-5.77,-0.04,20.02
2025-10-13,0.621,0.659,0.66,0.62,2052637,131902109.333,6.13,0.92,0.006,8.7
2025-10-14,0.662,0.644,0.68,0.639,2386942,158266055.04,6.22,-2.28,-0.015,10.12
2025-10-15,0.639,0.656,0.657,0.636,1352388,87361513.56,3.26,1.86,0.012,5.73
2025-10-16,0.657,0.659,0.665,0.65,1501979,98875169.605,2.29,0.46,0.003,6.37
2025-10-17,0.66,0.627,0.662,0.626,2032496,129672677.26,5.46,-4.86,-0.032,8.61
2025-10-20,0.633,0.631,0.641,0.626,1162720,73643651.1,2.39,0.64,0.004,4.93
2025-10-21,0.633,0.64,0.644,0.628,1395751,89232835.5,2.54,1.43,0.009,5.92
2025-10-22,0.64,0.632,0.64,0.626,1190570,75179950.0,2.19,-1.25,-0.008,5.05
2025-10-23,0.628,0.64,0.641,0.62,1159003,73098663.2,3.32,1.27,0.008,4.91
2025-10-24,0.642,0.652,0.655,0.641,1863612,121125496.475,2.19,1.88,0.012,7.9
2025-10-27,0.658,0.66,0.664,0.65,1841439,121215997.347,2.15,1.23,0.008,7.8
2025-10-28,0.661,0.653,0.663,0.65,1513582,99397072.1,1.97,-1.06,-0.007,6.41
2025-10-29,0.654,0.695,0.695,0.654,2738058,185924856.17,6.28,6.43,0.042,11.6
2025-10-30,0.695,0.7,0.71,0.693,2561202,179769629.5,2.45,0.72,0.005,10.85
2025-10-31,0.699,0.691,0.719,0.69,2127227,149818772.142,4.14,-1.29,-0.009,9.01
2025-11-03,0.691,0.7,0.701,0.676,3079794,213261469.7,3.62,1.3,0.009,13.05
2025-11-04,0.7,0.682,0.702,0.674,1593441,109427671.0,4.0,-2.57,-0.018,6.75
2025-11-05,0.662,0.703,0.707,0.66,2376149,163519284.7,6.89,3.08,0.021,10.07
2025-11-06,0.703,0.714,0.722,0.701,2145226,152899182.0,2.99,1.56,0.011,9.09
2025-11-07,0.712,0.728,0.734,0.706,1994048,144154475.44,3.92,1.96,0.014,8.45
2025-11-10,0.737,0.723,0.74,0.717,2848193,207540497.295,3.16,-0.69,-0.005,12.07
2025-11-11,0.726,0.72,0.734,0.715,2101417,152436365.3,2.63,-0.41,-0.003,8.91
2025-11-12,0.714,0.7,0.714,0.688,2529893,176918209.386,3.61,-2.78,-0.02,10.72
2025-11-13,0.699,0.733,0.739,0.699,5300045,385539174.896,5.71,4.71,0.033,22.46
2025-11-14,0.724,0.72,0.735,0.717,2545855,184694716.9,2.46,-1.77,-0.013,10.79
2025-11-17,0.716,0.723,0.729,0.709,2913094,209624494.5,2.78,0.42,0.003,12.35
2025-11-18,0.722,0.703,0.729,0.696,2404826,170695794.628,4.56,-2.77,-0.02,10.19
2025-11-19,0.699,0.705,0.711,0.697,1876133,132069836.1,1.99,0.28,0.002,7.95
2025-11-20,0.71,0.696,0.717,0.693,1792107,126701109.24,3.4,-1.28,-0.009,7.59
2025-11-21,0.68,0.652,0.683,0.651,2729411,180508205.5,4.6,-6.32,-0.044,11.57
2025-11-24,0.652,0.645,0.655,0.638,1547944,99823248.69,2.61,-1.07,-0.007,6.56
2025-11-25,0.652,0.657,0.663,0.648,1553523,101892045.54,2.33,1.86,0.012,6.58
2025-11-26,0.659,0.659,0.67,0.653,1352030,89298383.265,2.59,0.3,0.002,5.73
2025-11-27,0.659,0.657,0.674,0.656,1193787,79384691.507,2.73,-0.3,-0.002,5.06
2025-11-28,0.657,0.667,0.671,0.653,1015348,67431945.077,2.74,1.52,0.01,4.3
2025-12-01,0.67,0.67,0.675,0.663,1167560,78028001.307,1.8,0.45,0.003,4.95
2025-12-02,0.67,0.663,0.67,0.658,908908,60120517.3,1.79,-1.04,-0.007,3.85
2025-12-03,0.662,0.652,0.665,0.65,1070916,70283760.8,2.26,-1.66,-0.011,4.54
2025-12-04,0.649,0.653,0.656,0.647,833505,54342463.516,1.38,0.15,0.001,3.53
2025-12-05,0.655,0.659,0.662,0.648,1037308,68140284.461,2.14,0.92,0.006,4.4
2025-12-08,0.66,0.672,0.677,0.659,1259873,84437122.914,2.73,1.97,0.013,5.34
2025-12-09,0.672,0.67,0.676,0.663,1065496,71194381.297,1.93,-0.3,-0.002,4.52
2025-12-10,0.668,0.665,0.672,0.655,808668,53490713.5,2.54,-0.75,-0.005,3.43
2025-12-11,0.667,0.663,0.679,0.662,992107,66618025.2,2.56,-0.3,-0.002,4.2
2025-12-12,0.665,0.665,0.668,0.653,887089,58660336.2,2.26,0.3,0.002,3.76
2025-12-15,0.66,0.654,0.668,0.652,801126,52648010.641,2.41,-1.65,-0.011,3.4
2025-12-16,0.653,0.638,0.653,0.632,1209608,77324150.0,3.21,-2.45,-0.016,5.13
2025-12-17,0.638,0.656,0.657,0.638,1724137,111907248.623,2.98,2.82,0.018,7.31
2025-12-18,0.651,0.644,0.655,0.643,708965,45917242.8,1.83,-1.83,-0.012,3.0
2025-12-19,0.644,0.648,0.652,0.641,673914,43615195.084,1.71,0.62,0.004,2.86
2025-12-22,0.65,0.658,0.66,0.649,794362,52177822.1,1.7,1.54,0.01,3.37
2025-12-23,0.66,0.668,0.674,0.658,3684679,246260201.3,2.43,1.52,0.01,15.62
2025-12-24,0.667,0.674,0.675,0.663,1156236,77613142.868,1.8,0.9,0.006,4.9
2025-12-25,0.674,0.674,0.678,0.665,1206862,81016507.42,1.93,0.0,0.0,5.11
2025-12-26,0.681,0.692,0.701,0.681,3094674,213958718.6,2.97,2.67,0.018,13.11
2025-12-29,0.693,0.68,0.694,0.68,4769854,325684625.7,2.02,-1.73,-0.012,20.21
2025-12-30,0.671,0.681,0.686,0.671,2606169,177295141.211,2.21,0.15,0.001,11.04
2025-12-31,0.681,0.675,0.684,0.672,922017,62486788.1,1.76,-0.88,-0.006,3.91
2026-01-05,0.677,0.689,0.69,0.676,1293939,88557396.3,2.07,2.07,0.014,5.48
2026-01-06,0.692,0.7,0.703,0.69,2514561,175523133.6,1.89,1.6,0.011,10.66
2026-01-07,0.702,0.705,0.712,0.697,1784317,125491650.7,2.14,0.71,0.005,7.56
2026-01-08,0.701,0.702,0.711,0.697,920045,64744379.4,1.99,-0.43,-0.003,3.9
2026-01-09,0.7,0.708,0.716,0.7,1107110,78515687.517,2.28,0.85,0.006,4.69
2026-01-12,0.709,0.716,0.718,0.7,2396698,170745087.471,2.54,1.13,0.008,10.16
2026-01-13,0.717,0.709,0.719,0.703,2122989,150617516.3,2.23,-0.98,-0.007,9.0
2026-01-14,0.709,0.71,0.729,0.702,1747187,125009658.799,3.81,0.14,0.001,7.4
2026-01-15,0.7,0.716,0.722,0.7,1505521,107905217.26,3.1,0.85,0.006,6.38
2026-01-16,0.725,0.716,0.728,0.714,4858054,349100813.781,1.96,0.0,0.0,20.59
2026-01-19,0.716,0.724,0.727,0.71,836372,60210722.1,2.37,1.12,0.008,3.54
2026-01-20,0.726,0.707,0.728,0.701,1498565,106188824.9,3.73,-2.35,-0.017,6.35
2026-01-21,0.705,0.712,0.719,0.703,775270,55328894.1,2.26,0.71,0.005,3.29
2026-01-22,0.713,0.713,0.721,0.707,680910,48454121.46,1.97,0.14,0.001,2.89
2026-01-23,0.715,0.753,0.753,0.715,2490725,184725651.69,5.33,5.61,0.04,10.56
2026-01-26,0.758,0.74,0.762,0.738,1752489,131576834.798,3.19,-1.73,-0.013,7.43
2026-01-27,0.74,0.734,0.74,0.713,1420363,103258022.6,3.65,-0.81,-0.006,6.02
2026-01-28,0.73,0.727,0.731,0.717,913244,66060720.4,1.91,-0.95,-0.007,3.87
2026-01-29,0.722,0.715,0.729,0.712,1698045,121904002.35,2.34,-1.65,-0.012,7.2
2026-01-30,0.711,0.701,0.711,0.683,2239511,156891456.2,3.92,-1.96,-0.014,9.49
2026-02-02,0.697,0.69,0.709,0.687,1256501,87905086.383,3.14,-1.57,-0.011,5.32
2026-02-03,0.693,0.713,0.714,0.693,1568409,110480172.812,3.04,3.33,0.023,6.65
2026-02-04,0.712,0.726,0.728,0.71,944031,67663120.548,2.52,1.82,0.013,4.0
2026-02-05,0.72,0.698,0.72,0.693,3063773,214547989.9,3.72,-3.86,-0.028,12.98
2026-02-06,0.693,0.708,0.717,0.685,2220080,156979813.1,4.58,1.43,0.01,9.41
2026-02-09,0.718,0.725,0.728,0.715,986399,71310965.8,1.84,2.4,0.017,4.18
2026-02-10,0.723,0.717,0.725,0.715,428416,30803337.0,1.38,-1.1,-0.008,1.82
2026-02-11,0.717,0.723,0.726,0.716,554345,40090929.49,1.39,0.84,0.006,2.35
2026-02-12,0.722,0.731,0.735,0.721,1620162,118423343.285,1.94,1.11,0.008,6.87
2026-02-13,0.729,0.72,0.729,0.716,677817,48992872.195,1.78,-1.5,-0.011,2.87
2026-02-24,0.724,0.725,0.732,0.724,424917,30925713.1,1.11,0.69,0.005,1.8
2026-02-25,0.726,0.739,0.745,0.726,804123,59226697.8,2.62,1.93,0.014,3.41
2026-02-26,0.74,0.729,0.741,0.727,854524,62356214.53,1.89,-1.35,-0.01,3.62
2026-02-27,0.725,0.735,0.735,0.724,710379,52001437.533,1.51,0.82,0.006,3.01
2026-03-02,0.736,0.732,0.743,0.726,1029104,75492261.4,2.31,-0.41,-0.003,4.36
