ts_code,trade_date,open,high,low,close,pre_close,change,pct_chg,vol,amount
301287.SZ,20230614,55.0,56.0,50.26,50.36,40.11,10.25,25.5547,113637.22,599058.842
301287.SZ,20230615,47.3,51.98,46.5,47.56,50.36,-2.8,-5.56,78565.09,380557.817
301287.SZ,20230616,49.0,49.75,47.48,47.48,47.56,-0.08,-0.1682,66854.22,322851.037
301287.SZ,20230619,46.02,46.94,44.79,44.88,47.48,-2.6,-5.476,56516.74,256151.084
301287.SZ,20230620,44.4,44.78,42.5,42.79,44.88,-2.09,-4.6569,44106.0,191073.088
301287.SZ,20230621,42.3,42.93,40.3,40.33,42.79,-2.46,-5.749,32836.27,135531.168
301287.SZ,20230626,40.29,41.1,39.41,40.43,40.33,0.1,0.248,23850.05,95884.289
301287.SZ,20230627,40.43,41.09,39.66,40.52,40.43,0.09,0.2226,19015.39,76835.638
301287.SZ,20230628,40.66,41.07,39.5,39.77,40.52,-0.75,-1.8509,17589.15,70769.542
301287.SZ,20230629,39.01,39.94,39.01,39.58,39.77,-0.19,-0.4777,15737.43,62306.459
301287.SZ,20230630,39.6,42.41,39.44,42.23,39.58,2.65,6.6953,48638.6,200104.85
301287.SZ,20230703,42.0,42.38,40.88,41.86,42.23,-0.37,-0.8762,30484.66,126452.626
301287.SZ,20230704,41.68,41.68,40.9,41.59,41.86,-0.27,-0.645,21159.11,87398.03
301287.SZ,20230705,41.48,42.97,41.24,41.31,41.59,-0.28,-0.6732,33993.03,143143.457
301287.SZ,20230706,40.93,42.92,40.93,41.41,41.31,0.1,0.2421,31651.37,132237.484
301287.SZ,20230707,41.0,41.44,40.16,40.16,41.41,-1.25,-3.0186,19879.4,81082.222
301287.SZ,20230710,40.19,41.37,40.19,40.54,40.16,0.38,0.9462,17097.32,69667.59
301287.SZ,20230711,40.55,41.03,40.3,40.73,40.54,0.19,0.4687,11388.0,46337.096
301287.SZ,20230712,40.71,40.96,39.95,40.02,40.73,-0.71,-1.7432,13482.72,54327.913
301287.SZ,20230713,40.05,40.66,40.01,40.47,40.02,0.45,1.1244,14578.49,58914.801
301287.SZ,20230714,40.27,41.06,40.27,40.87,40.47,0.4,0.9884,15196.32,61916.633
301287.SZ,20230717,40.81,41.15,40.3,41.05,40.87,0.18,0.4404,14180.35,57846.62
301287.SZ,20230718,41.2,41.3,40.34,40.5,41.05,-0.55,-1.3398,16730.21,68201.113
301287.SZ,20230719,40.39,41.43,40.36,41.41,40.5,0.91,2.2469,20087.97,82429.832
301287.SZ,20230720,41.83,43.35,41.47,41.6,41.41,0.19,0.4588,41747.93,176581.856
301287.SZ,20230721,41.26,42.47,40.5,40.55,41.6,-1.05,-2.524,29827.39,122947.189
301287.SZ,20230724,40.1,41.79,39.73,41.38,40.55,0.83,2.0469,23336.23,95334.229
301287.SZ,20230725,41.48,43.28,41.28,42.37,41.38,0.99,2.3925,38184.46,162339.242
301287.SZ,20230726,42.16,43.88,42.0,43.15,42.37,0.78,1.8409,34217.65,147044.916
301287.SZ,20230727,42.45,42.89,41.26,41.58,43.15,-1.57,-3.6385,28155.79,117896.199
301287.SZ,20230728,41.7,43.34,41.23,43.29,41.58,1.71,4.1126,40615.11,172243.56
301287.SZ,20230731,44.73,45.8,43.3,43.93,43.29,0.64,1.4784,69685.83,309339.843
301287.SZ,20230801,42.52,43.66,41.82,42.8,43.93,-1.13,-2.5723,40567.14,172592.2
301287.SZ,20230802,41.94,42.75,40.88,41.2,42.8,-1.6,-3.7383,32710.03,135546.69
301287.SZ,20230803,41.21,43.05,40.56,42.3,41.2,1.1,2.6699,33319.42,139209.696
301287.SZ,20230804,43.0,45.68,41.95,44.55,42.3,2.25,5.3191,72732.85,318376.534
301287.SZ,20230807,43.4,43.93,42.8,43.53,44.55,-1.02,-2.2896,40389.87,174663.904
301287.SZ,20230808,44.47,44.5,42.24,43.12,43.53,-0.41,-0.9419,45039.9,195101.756
301287.SZ,20230809,42.73,43.37,42.42,42.9,43.12,-0.22,-0.5102,26579.98,113626.9
301287.SZ,20230810,43.11,46.2,43.11,45.62,42.9,2.72,6.3403,78279.98,351614.72
301287.SZ,20230811,44.51,44.51,43.0,43.99,45.62,-1.63,-3.573,52108.58,228279.151
301287.SZ,20230814,43.23,45.15,43.05,44.73,43.99,0.74,1.6822,39204.78,173395.653
301287.SZ,20230815,44.24,51.95,44.11,46.62,44.73,1.89,4.2254,87552.44,411780.667
301287.SZ,20230816,45.99,47.33,45.4,46.23,46.62,-0.39,-0.8366,61458.66,283844.626
301287.SZ,20230817,45.21,45.5,42.47,44.34,46.23,-1.89,-4.0883,52949.24,231422.788
301287.SZ,20230818,44.12,46.0,43.2,44.92,44.34,0.58,1.3081,53122.5,238396.076
301287.SZ,20230821,45.02,45.46,43.89,44.28,44.92,-0.64,-1.4248,37472.83,167819.772
301287.SZ,20230822,43.94,44.4,40.2,41.29,44.28,-2.99,-6.7525,51967.58,218193.255
301287.SZ,20230823,40.88,41.0,39.4,39.43,41.29,-1.86,-4.5047,29248.8,117222.613
301287.SZ,20230824,39.58,40.15,37.5,38.83,39.43,-0.6,-1.5217,25412.72,98730.014
301287.SZ,20230825,40.5,41.96,38.86,38.91,38.83,0.08,0.206,30620.95,123478.465
301287.SZ,20230828,44.0,44.0,40.02,40.9,38.91,1.99,5.1144,46611.15,196536.611
301287.SZ,20230829,40.2,42.9,40.2,42.76,40.9,1.86,4.5477,43021.22,180440.761
301287.SZ,20230830,42.18,43.5,42.16,43.18,42.76,0.42,0.9822,28157.99,120806.277
301287.SZ,20230831,42.8,43.18,42.3,42.56,43.18,-0.62,-1.4358,19409.54,82849.068
301287.SZ,20230901,42.8,49.05,42.56,45.72,42.56,3.16,7.4248,68226.2,310188.973
301287.SZ,20230904,44.63,45.6,43.9,44.3,45.72,-1.42,-3.1059,40582.6,180711.42
301287.SZ,20230905,44.31,44.31,43.3,43.61,44.3,-0.69,-1.5576,22618.05,98870.277
301287.SZ,20230906,43.49,43.88,43.25,43.41,43.61,-0.2,-0.4586,14916.89,64970.347
301287.SZ,20230907,43.33,44.04,42.22,42.34,43.41,-1.07,-2.4649,18902.86,81359.982
301287.SZ,20230908,42.31,42.8,41.88,42.33,42.34,-0.01,-0.0236,12391.37,52478.706
301287.SZ,20230911,42.34,42.67,42.13,42.4,42.33,0.07,0.1654,11748.81,49838.234
301287.SZ,20230912,42.58,42.78,41.84,41.95,42.4,-0.45,-1.0613,10985.01,46417.348
301287.SZ,20230913,41.86,41.87,40.85,41.3,41.95,-0.65,-1.5495,11682.0,48305.333
301287.SZ,20230914,41.5,41.5,40.05,40.36,41.3,-0.94,-2.276,8862.0,35962.669
301287.SZ,20230915,40.39,40.71,40.09,40.22,40.36,-0.14,-0.3469,7496.75,30228.751
301287.SZ,20230918,40.16,41.45,39.76,41.01,40.22,0.79,1.9642,9848.11,40291.693
301287.SZ,20230919,41.2,41.44,40.26,40.33,41.01,-0.68,-1.6581,7062.23,28599.494
301287.SZ,20230920,40.17,40.6,40.13,40.29,40.33,-0.04,-0.0992,4377.57,17660.178
301287.SZ,20230921,40.17,40.5,39.89,39.93,40.29,-0.36,-0.8935,5558.18,22307.689
301287.SZ,20230922,39.99,40.88,39.8,40.75,39.93,0.82,2.0536,7381.0,29899.791
301287.SZ,20230925,40.77,40.93,39.61,39.78,40.75,-0.97,-2.3804,8714.57,34869.982
301287.SZ,20230926,39.75,40.13,39.37,39.9,39.78,0.12,0.3017,5763.64,22922.427
301287.SZ,20230927,39.77,40.5,39.41,39.87,39.9,-0.03,-0.0752,8076.18,32298.579
301287.SZ,20230928,40.18,40.36,39.51,40.13,39.87,0.26,0.6521,9401.76,37746.938
301287.SZ,20231009,40.15,40.17,39.15,39.5,40.13,-0.63,-1.5699,10231.4,40445.669
301287.SZ,20231010,39.59,39.79,39.31,39.42,39.5,-0.08,-0.2025,5647.26,22317.726
301287.SZ,20231011,39.5,39.85,39.09,39.56,39.42,0.14,0.3551,5881.9,23247.917
301287.SZ,20231012,39.5,39.8,39.16,39.32,39.56,-0.24,-0.6067,5536.0,21768.959
301287.SZ,20231013,39.06,39.29,38.0,38.28,39.32,-1.04,-2.645,9430.74,36291.326
301287.SZ,20231016,38.28,38.49,37.73,37.9,38.28,-0.38,-0.9927,6139.0,23362.595
301287.SZ,20231017,37.91,38.25,37.6,38.02,37.9,0.12,0.3166,3853.0,14616.345
301287.SZ,20231018,38.03,38.03,36.69,36.7,38.02,-1.32,-3.4719,8329.0,30844.263
301287.SZ,20231019,36.72,37.9,36.49,37.01,36.7,0.31,0.8447,7952.26,29672.531
301287.SZ,20231020,36.8,37.74,36.5,36.55,37.01,-0.46,-1.2429,5241.26,19408.706
301287.SZ,20231023,36.18,36.5,35.39,35.83,36.55,-0.72,-1.9699,6578.0,23598.098
301287.SZ,20231024,36.36,37.35,35.84,37.18,35.83,1.35,3.7678,10675.38,39398.288
301287.SZ,20231025,37.18,37.65,36.96,37.31,37.18,0.13,0.3497,6278.45,23399.573
301287.SZ,20231026,36.92,37.5,36.7,37.5,37.31,0.19,0.5092,5130.0,19016.41
301287.SZ,20231027,37.5,38.36,37.16,38.33,37.5,0.83,2.2133,9513.3,36188.144
301287.SZ,20231030,37.61,37.88,36.8,37.64,38.33,-0.69,-1.8002,13993.0,52144.137
301287.SZ,20231031,37.47,38.15,37.15,38.02,37.64,0.38,1.0096,11553.2,43428.016
301287.SZ,20231101,38.0,38.28,37.51,38.28,38.02,0.26,0.6839,9378.0,35560.521
301287.SZ,20231102,37.99,39.45,37.81,38.5,38.28,0.22,0.5747,16748.0,64603.724
301287.SZ,20231103,38.53,38.92,38.21,38.27,38.5,-0.23,-0.5974,12118.0,46540.38
301287.SZ,20231106,38.32,39.22,38.22,38.84,38.27,0.57,1.4894,13573.12,52519.981
301287.SZ,20231107,38.75,39.18,38.53,38.96,38.84,0.12,0.309,8953.0,34756.833
301287.SZ,20231108,39.1,39.26,38.65,38.96,38.96,0.0,0.0,8335.0,32487.649
301287.SZ,20231109,38.72,39.05,38.38,38.58,38.96,-0.38,-0.9754,6212.0,24024.731
301287.SZ,20231110,38.46,38.95,38.26,38.62,38.58,0.04,0.1037,6468.0,24956.281
301287.SZ,20231113,39.13,39.64,38.7,39.6,38.62,0.98,2.5375,14482.12,56945.77
301287.SZ,20231114,39.44,40.55,39.32,40.3,39.6,0.7,1.7677,16305.0,65182.761
301287.SZ,20231115,40.19,41.63,40.06,40.87,40.3,0.57,1.4144,28385.0,116024.01
301287.SZ,20231116,41.49,41.6,39.61,40.15,40.87,-0.72,-1.7617,24874.0,100497.645
301287.SZ,20231117,40.56,41.88,40.22,41.16,40.15,1.01,2.5156,26212.02,107221.013
301287.SZ,20231120,40.89,41.2,39.35,40.57,41.16,-0.59,-1.4334,32945.32,131818.862
301287.SZ,20231121,40.49,41.37,40.01,40.49,40.57,-0.08,-0.1972,21225.3,86321.918
301287.SZ,20231122,40.5,41.18,39.51,39.91,40.49,-0.58,-1.4325,19860.0,79891.483
301287.SZ,20231123,39.81,39.99,39.43,39.66,39.91,-0.25,-0.6264,13533.0,53752.171
301287.SZ,20231124,39.48,39.66,38.48,38.83,39.66,-0.83,-2.0928,12132.0,47243.376
301287.SZ,20231127,38.83,39.14,38.58,39.03,38.83,0.2,0.5151,6593.19,25629.777
301287.SZ,20231128,38.9,39.41,38.8,39.1,39.03,0.07,0.1793,5946.47,23278.383
301287.SZ,20231129,39.25,39.25,38.43,38.61,39.1,-0.49,-1.2532,5966.0,23177.64
301287.SZ,20231130,38.61,38.65,37.84,38.23,38.61,-0.38,-0.9842,6827.01,26057.472
301287.SZ,20231201,38.23,38.8,38.0,38.6,38.23,0.37,0.9678,6887.0,26445.359
301287.SZ,20231204,38.69,38.7,37.99,38.06,38.6,-0.54,-1.399,6476.0,24771.693
301287.SZ,20231205,38.06,38.28,37.68,37.68,38.06,-0.38,-0.9984,4297.0,16297.454
301287.SZ,20231206,37.59,38.04,37.46,37.73,37.68,0.05,0.1327,4326.0,16363.932
301287.SZ,20231207,37.54,38.12,37.3,37.6,37.73,-0.13,-0.3446,6918.0,26047.58
301287.SZ,20231208,37.95,37.95,36.69,36.85,37.6,-0.75,-1.9947,10169.11,37692.795
301287.SZ,20231211,36.84,37.22,36.43,37.15,36.85,0.3,0.8141,4602.0,17014.062
301287.SZ,20231212,37.3,37.54,37.0,37.4,37.15,0.25,0.6729,4704.0,17558.169
301287.SZ,20231213,37.47,37.47,36.88,36.98,37.4,-0.42,-1.123,4028.0,14938.115
301287.SZ,20231214,37.0,37.26,36.43,36.57,36.98,-0.41,-1.1087,4314.0,15895.332
301287.SZ,20231215,36.58,36.96,36.4,36.8,36.57,0.23,0.6289,4535.0,16630.859
301287.SZ,20231218,36.55,37.09,36.04,36.26,36.8,-0.54,-1.4674,6035.0,22019.851
301287.SZ,20231219,36.0,36.74,35.8,36.59,36.26,0.33,0.9101,5559.0,20216.029
301287.SZ,20231220,36.37,37.17,36.3,37.0,36.59,0.41,1.1205,7044.0,25984.433
301287.SZ,20231221,36.79,37.68,35.46,37.22,37.0,0.22,0.5946,10339.0,37684.231
301287.SZ,20231222,37.2,37.23,35.83,35.98,37.22,-1.24,-3.3315,8914.0,32527.45
301287.SZ,20231225,35.95,36.18,34.42,34.8,35.98,-1.18,-3.2796,10336.13,36342.912
301287.SZ,20231226,34.76,35.24,34.2,34.47,34.8,-0.33,-0.9483,6044.0,20986.213
301287.SZ,20231227,34.47,34.98,34.18,34.69,34.47,0.22,0.6382,5119.98,17712.545
301287.SZ,20231228,34.7,35.65,34.45,35.41,34.69,0.72,2.0755,7487.95,26340.614
301287.SZ,20231229,35.31,36.4,35.3,36.04,35.41,0.63,1.7792,7110.6,25521.401
301287.SZ,20240102,36.11,36.34,35.92,36.1,36.04,0.06,0.1665,4723.95,17064.894
301287.SZ,20240103,35.99,36.23,35.59,35.92,36.1,-0.18,-0.4986,5762.0,20688.228
301287.SZ,20240104,35.81,36.19,35.66,36.01,35.92,0.09,0.2506,5211.0,18733.934
301287.SZ,20240105,36.02,36.98,35.82,36.38,36.01,0.37,1.0275,12178.0,44297.2
301287.SZ,20240108,36.84,36.84,35.05,35.07,36.38,-1.31,-3.6009,10391.2,37164.39
301287.SZ,20240109,35.25,36.66,35.07,35.75,35.07,0.68,1.939,9190.0,32941.585
301287.SZ,20240110,35.51,36.51,35.13,35.9,35.75,0.15,0.4196,10749.93,38733.002
301287.SZ,20240111,35.71,36.24,35.31,36.2,35.9,0.3,0.8357,9405.29,33707.575
301287.SZ,20240112,36.05,36.42,35.7,35.71,36.2,-0.49,-1.3536,7739.0,27923.948
301287.SZ,20240115,35.54,35.83,35.21,35.75,35.71,0.04,0.112,4526.48,16110.489
301287.SZ,20240116,36.26,36.8,34.7,35.4,35.75,-0.35,-0.979,10692.76,38307.408
301287.SZ,20240117,35.57,37.22,35.1,36.32,35.4,0.92,2.5989,27907.22,101833.68
301287.SZ,20240118,36.45,38.66,34.51,35.35,36.32,-0.97,-2.6707,32134.22,117013.725
301287.SZ,20240119,35.2,37.86,34.69,36.75,35.35,1.4,3.9604,33448.5,121442.343
301287.SZ,20240122,36.25,37.66,34.82,35.21,36.75,-1.54,-4.1905,29940.6,108294.818
301287.SZ,20240123,34.61,34.61,28.17,31.8,35.21,-3.41,-9.6847,24802.17,79038.572
301287.SZ,20240124,32.28,33.9,31.77,32.68,31.8,0.88,2.7673,21493.98,70626.636
301287.SZ,20240125,32.85,33.65,31.68,33.45,32.68,0.77,2.3562,17742.26,58452.994
301287.SZ,20240126,33.4,33.96,32.36,32.59,33.45,-0.86,-2.571,12037.32,39854.656
301287.SZ,20240129,33.0,33.37,31.42,31.42,32.59,-1.17,-3.5901,10021.0,32280.082
301287.SZ,20240130,31.0,31.29,29.71,29.8,31.42,-1.62,-5.156,9492.0,28850.386
301287.SZ,20240131,29.86,29.86,27.72,27.73,29.8,-2.07,-6.9463,13701.97,39074.454
301287.SZ,20240201,27.74,28.33,26.89,27.78,27.73,0.05,0.1803,9685.24,26876.662
301287.SZ,20240202,27.7,28.6,25.49,26.31,27.78,-1.47,-5.2916,12937.47,34867.793
301287.SZ,20240205,26.16,26.17,22.27,23.11,26.31,-3.2,-12.1627,17238.04,40825.788
301287.SZ,20240206,22.11,24.11,21.21,23.82,23.11,0.71,3.0723,14547.6,32944.88
301287.SZ,20240207,23.7,24.2,22.18,22.6,23.82,-1.22,-5.1217,14535.9,33709.821
301287.SZ,20240208,22.5,25.28,22.3,24.87,22.6,2.27,10.0442,13260.79,31862.411
301287.SZ,20240219,25.7,26.32,25.15,26.15,24.87,1.28,5.1468,12619.3,32702.275
301287.SZ,20240220,26.12,27.3,25.65,26.99,26.15,0.84,3.2122,10983.07,29024.134
301287.SZ,20240221,26.64,29.0,26.51,27.35,26.99,0.36,1.3338,15943.74,44037.495
301287.SZ,20240222,28.17,31.74,28.17,28.99,27.35,1.64,5.9963,18596.88,54854.657
301287.SZ,20240223,28.84,29.99,27.73,29.99,28.99,1.0,3.4495,20056.28,58213.407
301287.SZ,20240226,29.49,30.45,29.28,29.79,29.99,-0.2,-0.6669,16331.28,48651.886
301287.SZ,20240227,29.5,30.82,29.29,30.8,29.79,1.01,3.3904,15595.86,47262.426
301287.SZ,20240228,30.87,31.99,28.45,28.5,30.8,-2.3,-7.4675,24058.67,74121.959
301287.SZ,20240229,27.71,29.6,27.49,29.48,28.5,0.98,3.4386,13807.68,39912.099
301287.SZ,20240301,29.42,29.84,28.93,29.5,29.48,0.02,0.0678,12521.0,36813.297
301287.SZ,20240304,29.55,29.55,28.5,29.07,29.5,-0.43,-1.4576,10023.79,29066.784
301287.SZ,20240305,28.98,28.98,28.06,28.14,29.07,-0.93,-3.1992,7573.0,21509.753
301287.SZ,20240306,27.99,29.33,27.9,28.92,28.14,0.78,2.7719,10869.0,31239.858
301287.SZ,20240307,29.2,29.72,28.65,28.84,28.92,-0.08,-0.2766,11683.1,34088.417
301287.SZ,20240308,28.78,28.94,28.2,28.76,28.84,-0.08,-0.2774,5866.0,16791.976
301287.SZ,20240311,28.76,29.1,28.5,29.1,28.76,0.34,1.1822,6843.86,19711.381
301287.SZ,20240312,29.1,29.7,28.96,29.62,29.1,0.52,1.7869,10706.44,31389.391
301287.SZ,20240313,29.57,29.66,29.31,29.45,29.62,-0.17,-0.5739,8376.69,24687.767
301287.SZ,20240314,29.44,29.68,28.75,29.26,29.45,-0.19,-0.6452,7906.22,23129.902
301287.SZ,20240315,29.11,29.96,29.05,29.85,29.26,0.59,2.0164,7919.49,23428.985
301287.SZ,20240318,29.8,30.46,29.71,30.44,29.85,0.59,1.9765,8901.52,26893.107
301287.SZ,20240319,30.46,30.64,30.16,30.2,30.44,-0.24,-0.7884,7541.68,22895.54
301287.SZ,20240320,30.2,30.78,30.01,30.71,30.2,0.51,1.6887,8067.89,24545.096
301287.SZ,20240321,30.9,31.0,30.04,30.46,30.71,-0.25,-0.8141,7779.68,23756.775
301287.SZ,20240322,30.4,30.4,29.49,29.6,30.46,-0.86,-2.8234,8090.19,24110.103
301287.SZ,20240325,29.79,29.84,28.5,28.53,29.6,-1.07,-3.6149,6566.0,19145.393
301287.SZ,20240326,28.47,28.94,28.28,28.75,28.53,0.22,0.7711,5366.0,15358.632
301287.SZ,20240327,28.66,29.33,27.98,27.98,28.75,-0.77,-2.6783,6961.0,19943.816
301287.SZ,20240328,27.97,28.95,27.9,28.41,27.98,0.43,1.5368,5551.44,15825.888
301287.SZ,20240329,28.41,28.88,28.22,28.85,28.41,0.44,1.5488,4839.41,13861.207
301287.SZ,20240401,28.82,29.66,28.82,29.66,28.85,0.81,2.8076,6856.0,20145.938
301287.SZ,20240402,29.6,29.99,29.46,29.78,29.66,0.12,0.4046,6326.0,18806.349
301287.SZ,20240403,30.06,30.08,29.09,29.55,29.78,-0.23,-0.7723,5407.0,15955.292
301287.SZ,20240408,29.25,29.46,28.15,28.18,29.55,-1.37,-4.6362,6504.34,18643.819
301287.SZ,20240409,28.18,28.97,28.18,28.94,28.18,0.76,2.6969,4382.0,12535.386
301287.SZ,20240410,29.01,29.31,28.05,28.29,28.94,-0.65,-2.246,5353.0,15290.342
301287.SZ,20240411,28.13,28.87,27.93,28.5,28.29,0.21,0.7423,4937.0,14098.017
301287.SZ,20240412,28.5,28.98,28.43,28.58,28.5,0.08,0.2807,4858.0,13943.047
301287.SZ,20240415,28.5,28.75,26.32,26.57,28.58,-2.01,-7.0329,10134.06,27650.795
301287.SZ,20240416,26.41,26.48,24.5,24.63,26.57,-1.94,-7.3015,8695.23,21811.599
301287.SZ,20240417,25.09,26.45,25.09,26.36,24.63,1.73,7.024,7691.68,20069.102
301287.SZ,20240418,26.5,28.18,26.01,26.94,26.36,0.58,2.2003,10349.26,28151.8
301287.SZ,20240419,26.69,27.47,26.39,27.47,26.94,0.53,1.9673,8943.2,24154.136
301287.SZ,20240422,25.0,26.1,24.8,25.74,27.47,-1.73,-6.2978,13315.12,33904.191
301287.SZ,20240423,25.55,26.23,25.55,25.97,25.74,0.23,0.8936,8108.0,21051.478
301287.SZ,20240424,25.98,26.46,25.94,26.39,25.97,0.42,1.6173,9211.3,24115.393
301287.SZ,20240425,26.35,26.64,26.07,26.24,26.39,-0.15,-0.5684,5822.0,15353.256
301287.SZ,20240426,26.16,26.57,25.9,26.33,26.24,0.09,0.343,7046.3,18515.032
301287.SZ,20240429,26.48,27.24,26.3,27.13,26.33,0.8,3.0384,7095.01,19070.734
301287.SZ,20240430,27.3,27.43,26.64,26.86,27.13,-0.27,-0.9952,6542.0,17668.373
301287.SZ,20240506,27.21,27.64,27.21,27.64,26.86,0.78,2.9039,6865.0,18873.744
301287.SZ,20240507,27.69,28.03,27.5,27.96,27.64,0.32,1.1577,6131.14,17027.651
301287.SZ,20240508,27.98,29.76,27.74,29.0,27.96,1.04,3.7196,24255.0,70071.628
301287.SZ,20240509,28.65,29.04,28.46,28.89,29.0,-0.11,-0.3793,12579.0,36175.574
301287.SZ,20240510,29.0,29.04,28.56,28.59,28.89,-0.3,-1.0384,6948.0,19918.143
301287.SZ,20240513,28.6,28.7,27.51,27.54,28.59,-1.05,-3.6726,8446.0,23648.027
301287.SZ,20240514,27.71,28.68,27.71,28.49,27.54,0.95,3.4495,8723.0,24711.532
301287.SZ,20240515,28.49,28.94,27.98,28.04,28.49,-0.45,-1.5795,7651.3,21762.113
301287.SZ,20240516,28.05,28.38,27.91,28.03,28.04,-0.01,-0.0357,6305.0,17738.316
301287.SZ,20240517,28.16,28.36,27.95,28.21,28.03,0.18,0.6422,5827.0,16390.479
301287.SZ,20240520,28.25,28.31,27.64,27.82,28.21,-0.39,-1.3825,7833.0,21901.234
301287.SZ,20240521,27.8,27.88,27.3,27.34,27.82,-0.48,-1.7254,5242.0,14427.889
301287.SZ,20240522,27.48,28.0,27.36,27.83,27.34,0.49,1.7922,4893.0,13547.894
301287.SZ,20240523,27.8,27.94,27.41,27.5,27.83,-0.33,-1.1858,5933.0,16407.151
301287.SZ,20240524,27.57,27.61,26.87,26.9,27.5,-0.6,-2.1818,7408.0,20144.165
301287.SZ,20240527,27.5,28.6,27.31,27.8,26.9,0.9,3.3457,12406.56,34534.885
301287.SZ,20240528,27.07,27.5,26.65,26.73,27.8,-1.07,-3.8489,9690.06,26065.144
301287.SZ,20240529,26.54,27.39,26.54,27.08,26.73,0.35,1.3094,6627.0,17984.445
301287.SZ,20240530,27.0,27.31,26.8,26.93,27.08,-0.15,-0.5539,4720.0,12775.951
301287.SZ,20240531,26.73,27.34,26.73,27.07,26.68,0.39,1.4618,5130.0,13921.75
301287.SZ,20240603,27.06,27.07,25.89,26.19,27.07,-0.88,-3.2508,5833.0,15405.357
301287.SZ,20240604,26.1,26.11,25.1,25.61,26.19,-0.58,-2.2146,5116.0,13046.317
301287.SZ,20240605,25.55,25.55,25.01,25.06,25.61,-0.55,-2.1476,3844.0,9704.668
301287.SZ,20240606,25.1,25.3,23.73,24.08,25.06,-0.98,-3.9106,6900.0,16819.603
301287.SZ,20240607,24.5,24.98,24.36,24.91,24.08,0.83,3.4468,7067.0,17481.134
301287.SZ,20240611,24.84,24.95,24.27,24.89,24.91,-0.02,-0.0803,3945.0,9707.176
301287.SZ,20240612,25.25,25.73,25.11,25.52,24.89,0.63,2.5311,5724.44,14614.768
301287.SZ,20240613,25.53,26.09,25.32,25.73,25.52,0.21,0.8229,6595.0,16974.131
301287.SZ,20240614,25.7,25.91,25.36,25.59,25.73,-0.14,-0.5441,3864.0,9905.989
301287.SZ,20240617,25.57,25.59,25.3,25.36,25.59,-0.23,-0.8988,3717.0,9441.001
301287.SZ,20240618,25.43,26.06,25.33,26.02,25.36,0.66,2.6025,5494.03,14224.836
301287.SZ,20240619,26.18,27.12,25.95,26.65,26.02,0.63,2.4212,11349.03,30246.205
301287.SZ,20240620,26.51,26.58,25.77,25.8,26.65,-0.85,-3.1895,6634.0,17375.369
301287.SZ,20240621,25.7,26.15,25.48,25.62,25.8,-0.18,-0.6977,5000.0,12837.799
301287.SZ,20240624,25.51,25.53,24.31,24.45,25.62,-1.17,-4.5667,5175.0,12795.8
301287.SZ,20240625,24.37,25.17,24.37,24.94,24.45,0.49,2.0041,4469.06,11122.673
301287.SZ,20240626,24.94,26.3,24.63,26.16,24.94,1.22,4.8917,7075.13,18209.502
301287.SZ,20240627,26.16,27.6,25.88,26.13,26.16,-0.03,-0.1147,13979.13,37264.854
301287.SZ,20240628,25.85,27.2,25.82,26.65,26.13,0.52,1.99,11229.19,29834.915
301287.SZ,20240701,26.75,27.05,26.44,26.82,26.65,0.17,0.6379,7981.03,21311.61
301287.SZ,20240702,26.83,27.15,26.65,26.88,26.82,0.06,0.2237,6900.0,18540.979
301287.SZ,20240703,26.98,27.6,26.33,26.77,26.88,-0.11,-0.4092,11888.34,32087.295
301287.SZ,20240704,26.52,26.59,25.46,25.59,26.77,-1.18,-4.4079,10251.0,26716.875
301287.SZ,20240705,25.7,25.83,25.2,25.68,25.59,0.09,0.3517,5234.44,13403.093
301287.SZ,20240708,25.68,25.78,24.85,25.03,25.68,-0.65,-2.5312,5250.0,13233.215
301287.SZ,20240709,25.03,25.73,24.59,25.7,25.03,0.67,2.6768,6027.0,15196.365
301287.SZ,20240710,25.71,25.84,25.3,25.45,25.7,-0.25,-0.9728,4859.03,12426.638
301287.SZ,20240711,25.85,26.18,25.65,26.16,25.45,0.71,2.7898,5485.03,14258.13
301287.SZ,20240712,26.16,26.46,25.99,26.18,26.16,0.02,0.0765,5671.0,14839.187
301287.SZ,20240715,26.25,26.31,25.5,25.84,26.18,-0.34,-1.2987,4823.0,12445.589
301287.SZ,20240716,25.77,25.98,25.37,25.57,25.84,-0.27,-1.0449,3777.07,9664.992
301287.SZ,20240717,25.64,25.69,25.02,25.16,25.57,-0.41,-1.6034,5566.0,14056.171
301287.SZ,20240718,25.05,25.17,24.41,25.09,25.16,-0.07,-0.2782,5010.0,12426.093
301287.SZ,20240719,25.0,25.58,24.76,25.49,25.09,0.4,1.5943,3884.25,9847.278
301287.SZ,20240722,25.55,25.81,25.21,25.73,25.49,0.24,0.9415,4062.24,10379.356
301287.SZ,20240723,25.7,26.05,25.06,25.08,25.73,-0.65,-2.5262,4223.9,10802.4
301287.SZ,20240724,25.0,25.34,24.56,24.86,25.08,-0.22,-0.8772,3963.0,9881.053
301287.SZ,20240725,25.25,26.77,24.9,26.12,24.86,1.26,5.0684,14551.0,37835.704
301287.SZ,20240726,26.0,26.5,25.91,25.97,26.12,-0.15,-0.5743,9252.27,24202.808
301287.SZ,20240729,25.85,26.02,25.4,25.55,25.97,-0.42,-1.6173,6271.0,16031.445
301287.SZ,20240730,25.56,25.8,25.25,25.53,25.55,-0.02,-0.0783,7055.0,17990.962
301287.SZ,20240731,25.78,26.24,25.33,26.2,25.53,0.67,2.6244,8328.0,21614.783
301287.SZ,20240801,26.25,26.27,25.9,26.09,26.2,-0.11,-0.4198,5610.0,14632.581
301287.SZ,20240802,25.9,26.35,25.75,25.78,26.09,-0.31,-1.1882,7042.0,18372.736
301287.SZ,20240805,26.65,26.99,25.01,25.11,25.78,-0.67,-2.5989,11890.69,31008.812
301287.SZ,20240806,25.36,25.63,25.11,25.48,25.11,0.37,1.4735,7758.0,19647.683
301287.SZ,20240807,25.48,25.52,25.21,25.38,25.48,-0.1,-0.3925,4219.18,10715.152
301287.SZ,20240808,25.38,25.45,24.83,25.23,25.38,-0.15,-0.591,3604.0,9073.191
301287.SZ,20240809,25.31,26.29,25.31,25.57,25.23,0.34,1.3476,8086.96,20677.813
301287.SZ,20240812,25.22,25.68,24.71,25.58,25.57,0.01,0.0391,6561.96,16607.077
301287.SZ,20240813,25.31,25.75,25.21,25.74,25.58,0.16,0.6255,4400.96,11252.532
301287.SZ,20240814,25.76,25.9,25.6,25.76,25.74,0.02,0.0777,3689.0,9497.193
301287.SZ,20240815,25.74,25.77,25.22,25.58,25.76,-0.18,-0.6988,3876.96,9909.684
301287.SZ,20240816,25.56,26.19,25.56,25.98,25.58,0.4,1.5637,6617.96,17122.99
301287.SZ,20240819,25.91,25.95,25.52,25.62,25.98,-0.36,-1.3857,5534.0,14226.439
301287.SZ,20240820,25.62,25.99,25.43,25.89,25.62,0.27,1.0539,6136.41,15797.681
301287.SZ,20240821,25.81,26.0,25.12,25.18,25.89,-0.71,-2.7424,6956.0,17713.634
301287.SZ,20240822,25.27,25.28,24.71,24.73,25.18,-0.45,-1.7871,4286.0,10717.802
301287.SZ,20240823,24.74,24.76,23.88,24.13,24.73,-0.6,-2.4262,5203.45,12589.329
301287.SZ,20240826,23.95,24.88,23.92,24.64,24.13,0.51,2.1136,3830.0,9374.171
301287.SZ,20240827,24.46,24.7,23.85,23.9,24.64,-0.74,-3.0032,4286.0,10367.945
301287.SZ,20240828,23.71,24.45,23.51,24.2,23.9,0.3,1.2552,4359.0,10513.182
301287.SZ,20240829,24.13,25.06,23.95,25.02,24.2,0.82,3.3884,5297.0,13068.752
301287.SZ,20240830,24.89,25.47,24.8,25.0,25.02,-0.02,-0.0799,5360.0,13491.569
301287.SZ,20240902,25.0,25.25,24.5,24.59,25.0,-0.41,-1.64,4133.0,10289.655
301287.SZ,20240903,24.55,24.85,24.26,24.58,24.59,-0.01,-0.0407,2415.0,5940.704
301287.SZ,20240904,24.32,24.67,24.21,24.25,24.58,-0.33,-1.3426,2838.0,6914.381
301287.SZ,20240905,24.22,24.59,24.22,24.59,24.25,0.34,1.4021,2420.0,5924.151
301287.SZ,20240906,24.53,24.72,23.95,24.0,24.59,-0.59,-2.3993,2935.0,7090.348
301287.SZ,20240909,24.0,24.24,23.66,24.01,24.0,0.01,0.0417,2542.0,6094.229
301287.SZ,20240910,23.96,24.24,23.66,24.13,24.01,0.12,0.4998,3505.0,8400.881
301287.SZ,20240911,24.14,24.18,23.84,23.94,24.13,-0.19,-0.7874,2112.0,5073.644
301287.SZ,20240912,23.97,24.26,23.69,23.7,23.94,-0.24,-1.0025,2035.0,4876.824
301287.SZ,20240913,23.44,23.77,22.82,23.29,23.7,-0.41,-1.73,4905.0,11368.735
301287.SZ,20240918,23.11,23.11,22.15,22.41,23.29,-0.88,-3.7784,4167.0,9393.855
301287.SZ,20240919,22.5,23.19,22.5,23.05,22.41,0.64,2.8559,3721.0,8517.381
301287.SZ,20240920,23.05,23.05,22.63,22.82,23.05,-0.23,-0.9978,2602.0,5940.689
301287.SZ,20240923,22.72,23.07,22.72,22.98,22.82,0.16,0.7011,1898.0,4349.659
301287.SZ,20240924,23.11,23.51,22.88,23.48,22.98,0.5,2.1758,3748.0,8726.527
301287.SZ,20240925,23.69,24.26,23.67,23.84,23.48,0.36,1.5332,7316.27,17520.615
301287.SZ,20240926,23.89,24.39,23.74,24.34,23.84,0.5,2.0973,5362.0,12924.045
301287.SZ,20240927,24.59,25.78,24.41,25.33,24.34,0.99,4.0674,9737.0,24350.084
301287.SZ,20240930,25.92,30.4,25.92,30.22,25.33,4.89,19.3052,43710.47,126861.503
301287.SZ,20241008,35.9,35.9,30.56,34.86,30.22,4.64,15.3541,51542.71,173693.663
301287.SZ,20241009,31.67,32.68,28.37,28.37,34.86,-6.49,-18.6173,30395.0,94627.114
301287.SZ,20241010,28.6,29.6,28.48,28.7,28.37,0.33,1.1632,13707.89,39832.698
301287.SZ,20241011,28.64,28.64,26.75,27.17,28.7,-1.53,-5.331,12300.07,33896.726
301287.SZ,20241014,27.17,27.88,27.01,27.83,27.17,0.66,2.4291,9915.0,27262.836
301287.SZ,20241015,27.63,28.13,27.34,27.35,27.83,-0.48,-1.7248,7701.0,21347.63
301287.SZ,20241016,27.01,27.98,26.88,27.47,27.35,0.12,0.4388,6896.07,18912.136
301287.SZ,20241017,27.5,27.92,27.3,27.3,27.47,-0.17,-0.6189,7581.0,20944.801
301287.SZ,20241018,27.3,28.45,27.21,28.03,27.3,0.73,2.674,9627.0,26759.471
301287.SZ,20241021,27.98,28.67,27.91,28.4,28.03,0.37,1.32,11309.0,31981.818
301287.SZ,20241022,28.31,28.95,28.16,28.63,28.4,0.23,0.8099,11206.31,31989.704
301287.SZ,20241023,28.78,28.93,28.38,28.64,28.63,0.01,0.0349,8309.34,23868.927
301287.SZ,20241024,28.6,28.67,28.34,28.55,28.64,-0.09,-0.3142,6000.43,17117.661
301287.SZ,20241025,28.5,29.25,28.5,29.02,28.55,0.47,1.6462,8220.0,23804.217
301287.SZ,20241028,29.15,29.7,29.01,29.63,29.02,0.61,2.102,7950.0,23445.638
301287.SZ,20241029,29.9,29.98,28.5,28.54,29.63,-1.09,-3.6787,9323.07,27108.382
301287.SZ,20241030,28.6,29.06,28.03,28.36,28.54,-0.18,-0.6307,6794.31,19414.679
301287.SZ,20241031,28.35,28.8,28.08,28.59,28.36,0.23,0.811,14806.04,42147.69
301287.SZ,20241101,28.65,29.24,27.66,27.97,28.59,-0.62,-2.1686,10962.2,31106.764
301287.SZ,20241104,27.8,28.44,27.66,28.42,27.97,0.45,1.6089,6899.0,19405.633
301287.SZ,20241105,28.41,28.98,28.32,28.91,28.42,0.49,1.7241,10568.23,30350.212
301287.SZ,20241106,28.91,29.35,28.62,29.02,28.91,0.11,0.3805,10620.9,30811.731
301287.SZ,20241107,28.94,29.82,28.7,29.82,29.02,0.8,2.7567,13254.93,38921.699
301287.SZ,20241108,30.1,30.3,29.6,29.77,29.82,-0.05,-0.1677,11990.9,35781.316
301287.SZ,20241111,29.68,30.09,29.38,30.09,29.77,0.32,1.0749,11608.99,34609.958
301287.SZ,20241112,30.29,30.85,29.76,30.1,30.09,0.01,0.0332,14775.54,44702.171
301287.SZ,20241113,29.8,30.35,29.5,30.27,30.1,0.17,0.5648,9270.83,27808.508
301287.SZ,20241114,30.24,30.28,29.25,29.36,30.27,-0.91,-3.0063,7973.0,23689.408
301287.SZ,20241115,29.28,29.75,28.74,28.96,29.36,-0.4,-1.3624,7275.0,21374.66
301287.SZ,20241118,29.01,29.24,27.81,28.05,28.96,-0.91,-3.1423,8816.59,25040.805
301287.SZ,20241119,28.03,28.71,28.02,28.7,28.05,0.65,2.3173,5379.0,15237.422
301287.SZ,20241120,28.7,29.43,28.41,29.39,28.7,0.69,2.4042,6190.82,18087.085
301287.SZ,20241121,29.39,29.73,28.9,29.65,29.39,0.26,0.8847,6840.0,20197.621
301287.SZ,20241122,29.66,30.49,28.88,29.02,29.65,-0.63,-2.1248,14477.0,43098.491
301287.SZ,20241125,28.8,29.94,28.8,29.91,29.02,0.89,3.0669,11348.0,33394.447
301287.SZ,20241126,29.96,32.75,29.86,31.77,29.91,1.86,6.2187,36629.0,114453.986
301287.SZ,20241127,30.8,31.77,29.0,31.69,31.77,-0.08,-0.2518,29360.17,89745.347
301287.SZ,20241128,31.36,31.64,30.31,30.46,31.69,-1.23,-3.8814,23270.0,71961.069
301287.SZ,20241129,31.16,32.98,30.76,32.43,30.46,1.97,6.4675,40035.3,128556.476
301287.SZ,20241202,32.05,32.77,31.09,32.3,32.43,-0.13,-0.4009,30157.85,96268.822
301287.SZ,20241203,32.14,32.6,31.1,31.49,32.3,-0.81,-2.5077,19940.85,62969.511
301287.SZ,20241204,31.53,31.53,30.4,30.61,31.49,-0.88,-2.7945,14652.86,45280.226
301287.SZ,20241205,30.64,31.13,30.5,30.92,30.61,0.31,1.0127,9005.86,27756.133
301287.SZ,20241206,31.3,31.48,30.43,30.74,30.92,-0.18,-0.5821,9935.0,30682.232
301287.SZ,20241209,31.2,31.49,30.52,30.85,30.74,0.11,0.3578,8491.0,26296.965
301287.SZ,20241210,31.86,31.99,30.54,30.72,30.85,-0.13,-0.4214,13550.0,42325.437
301287.SZ,20241211,31.0,31.56,30.72,31.12,30.72,0.4,1.3021,9581.0,29757.518
301287.SZ,20241212,31.31,32.2,31.12,32.2,31.12,1.08,3.4704,21627.34,68700.084
301287.SZ,20241213,32.2,33.3,31.95,32.4,32.2,0.2,0.6211,28006.84,91535.124
301287.SZ,20241216,33.46,35.58,33.2,33.3,32.4,0.9,2.7778,46570.94,160548.729
301287.SZ,20241217,34.12,36.1,31.02,31.33,33.3,-1.97,-5.9159,42084.19,143084.139
301287.SZ,20241218,30.67,32.25,30.0,30.91,31.33,-0.42,-1.3406,27389.33,84594.791
301287.SZ,20241219,31.08,32.98,30.59,31.45,30.91,0.54,1.747,29635.58,93662.795
301287.SZ,20241220,31.09,32.79,31.09,31.91,31.45,0.46,1.4626,25487.0,81732.845
301287.SZ,20241223,31.74,31.9,28.85,28.92,31.91,-2.99,-9.3701,25773.77,77398.932
301287.SZ,20241224,28.86,29.4,28.05,28.76,28.92,-0.16,-0.5533,14740.89,42164.943
301287.SZ,20241225,28.69,28.7,27.41,28.03,28.76,-0.73,-2.5382,11922.0,33402.558
301287.SZ,20241226,28.04,28.78,28.04,28.39,28.03,0.36,1.2843,8107.0,23100.225
301287.SZ,20241227,28.49,29.1,28.33,28.73,28.39,0.34,1.1976,8404.84,24238.478
301287.SZ,20241230,28.44,28.86,27.68,28.68,28.73,-0.05,-0.174,7926.0,22568.157
301287.SZ,20241231,28.74,29.42,28.33,28.41,28.68,-0.27,-0.9414,10389.0,29985.794
301287.SZ,20250102,28.32,29.5,27.73,28.37,28.41,-0.04,-0.1408,12096.0,34806.322
301287.SZ,20250103,28.58,28.88,27.1,27.3,28.37,-1.07,-3.7716,12705.1,35333.263
301287.SZ,20250106,27.13,27.35,26.01,26.95,27.3,-0.35,-1.2821,7185.37,19267.604
301287.SZ,20250107,26.9,27.88,26.83,27.77,26.95,0.82,3.0427,7076.0,19425.951
301287.SZ,20250108,27.98,28.05,26.8,27.61,27.77,-0.16,-0.5762,8823.0,24368.756
301287.SZ,20250109,27.3,27.78,27.29,27.3,27.61,-0.31,-1.1228,6079.0,16702.658
301287.SZ,20250110,27.2,27.62,26.36,26.4,27.3,-0.9,-3.2967,6911.0,18609.348
301287.SZ,20250113,26.5,26.68,25.57,26.44,26.4,0.04,0.1515,5820.0,15263.203
301287.SZ,20250114,26.52,27.82,26.52,27.82,26.44,1.38,5.2194,8385.0,22928.943
301287.SZ,20250115,28.24,28.4,27.62,27.93,27.82,0.11,0.3954,9468.0,26548.327
301287.SZ,20250116,27.88,28.34,27.51,27.94,27.93,0.01,0.0358,7861.0,22023.642
301287.SZ,20250117,27.85,27.95,27.51,27.81,27.94,-0.13,-0.4653,5129.0,14228.763
301287.SZ,20250120,27.98,28.49,27.94,28.45,27.81,0.64,2.3013,5998.0,16984.536
301287.SZ,20250121,28.62,28.81,27.83,28.26,28.45,-0.19,-0.6678,5539.71,15602.429
301287.SZ,20250122,28.1,28.31,27.73,27.85,28.26,-0.41,-1.4508,3474.0,9696.17
301287.SZ,20250123,28.29,28.42,27.88,27.88,27.85,0.03,0.1077,5445.99,15359.34
301287.SZ,20250124,27.91,28.61,27.83,28.6,27.88,0.72,2.5825,6272.0,17702.967
301287.SZ,20250127,28.8,29.5,28.8,29.15,28.6,0.55,1.9231,9157.0,26735.471
301287.SZ,20250205,29.31,29.59,29.09,29.3,29.15,0.15,0.5146,7569.5,22215.43
301287.SZ,20250206,29.39,29.78,28.74,29.77,29.3,0.47,1.6041,9491.0,27922.265
301287.SZ,20250207,29.93,30.2,29.48,30.02,29.77,0.25,0.8398,9318.0,27905.728
301287.SZ,20250210,30.1,31.0,29.7,30.81,30.02,0.79,2.6316,10489.0,31822.639
301287.SZ,20250211,30.76,31.44,30.7,31.0,30.81,0.19,0.6167,9421.0,29207.559
301287.SZ,20250212,30.96,31.16,30.27,30.59,31.0,-0.41,-1.3226,7386.53,22624.0
301287.SZ,20250213,30.5,30.73,29.93,30.03,30.59,-0.56,-1.8307,5973.0,18012.104
301287.SZ,20250214,30.33,30.67,30.09,30.35,30.03,0.32,1.0656,6156.0,18704.924
301287.SZ,20250217,30.34,31.2,30.15,30.79,30.35,0.44,1.4498,8046.0,24817.032
301287.SZ,20250218,30.85,30.98,29.82,29.99,30.79,-0.8,-2.5982,5401.0,16475.375
301287.SZ,20250219,30.03,30.65,29.8,30.54,29.99,0.55,1.8339,5741.6,17484.938
301287.SZ,20250220,30.6,30.93,30.6,30.79,30.54,0.25,0.8186,4311.0,13267.292
301287.SZ,20250221,31.0,31.13,30.31,30.75,30.79,-0.04,-0.1299,5750.0,17602.194
301287.SZ,20250224,30.7,30.97,30.55,30.88,30.75,0.13,0.4228,4988.1,15351.728
301287.SZ,20250225,30.7,30.94,30.42,30.58,30.88,-0.3,-0.9715,4325.0,13268.221
301287.SZ,20250226,30.59,30.95,30.58,30.77,30.58,0.19,0.6213,4592.0,14150.63
301287.SZ,20250227,30.75,30.89,30.08,30.58,30.77,-0.19,-0.6175,4848.0,14783.928
301287.SZ,20250228,30.45,30.8,29.68,29.69,30.58,-0.89,-2.9104,6442.0,19366.059
301287.SZ,20250303,29.74,30.41,27.51,29.82,29.69,0.13,0.4379,7048.0,21203.705
301287.SZ,20250304,30.0,30.4,29.66,30.37,29.82,0.55,1.8444,5424.69,16368.379
301287.SZ,20250305,30.4,30.68,29.98,30.51,30.37,0.14,0.461,6948.0,21028.514
301287.SZ,20250306,31.18,36.61,31.18,36.61,30.51,6.1,19.9934,74025.63,255259.688
301287.SZ,20250307,38.18,38.18,33.33,33.44,36.61,-3.17,-8.6588,82555.14,290969.895
301287.SZ,20250310,33.02,33.77,32.2,32.46,33.44,-0.98,-2.9306,40016.91,130991.537
301287.SZ,20250311,32.0,33.17,31.8,33.17,32.46,0.71,2.1873,31655.29,103525.885
301287.SZ,20250312,33.18,33.57,32.37,33.26,33.17,0.09,0.2713,28139.14,93048.962
301287.SZ,20250313,32.95,34.69,32.76,34.29,33.26,1.03,3.0968,38106.0,128517.654
301287.SZ,20250314,33.7,34.1,33.33,33.91,34.29,-0.38,-1.1082,23553.0,79563.627
301287.SZ,20250317,34.0,34.19,33.28,33.35,33.91,-0.56,-1.6514,17505.0,58573.956
301287.SZ,20250318,33.35,33.6,32.7,33.51,33.35,0.16,0.4798,16365.24,54304.195
301287.SZ,20250319,33.51,33.8,32.81,32.91,33.51,-0.6,-1.7905,13693.0,45246.619
301287.SZ,20250320,32.87,33.11,32.55,32.68,32.91,-0.23,-0.6989,11435.0,37549.077
301287.SZ,20250321,32.51,32.68,32.01,32.04,32.68,-0.64,-1.9584,11488.0,37093.513
301287.SZ,20250324,31.88,32.17,30.21,30.9,32.04,-1.14,-3.5581,12664.0,39426.048
301287.SZ,20250325,31.03,31.26,30.36,31.12,30.9,0.22,0.712,8932.0,27562.724
301287.SZ,20250326,31.15,31.9,30.92,31.62,31.12,0.5,1.6067,11991.0,37916.136
301287.SZ,20250327,31.54,31.77,30.92,31.33,31.62,-0.29,-0.9171,7592.53,23792.444
301287.SZ,20250328,31.23,31.46,30.68,30.85,31.33,-0.48,-1.5321,6474.02,20040.639
301287.SZ,20250331,30.7,30.75,29.89,30.41,30.85,-0.44,-1.4263,7793.1,23607.199
301287.SZ,20250401,30.56,31.36,30.56,30.85,30.41,0.44,1.4469,7851.0,24391.198
301287.SZ,20250402,30.9,31.5,30.86,31.31,30.85,0.46,1.4911,6639.0,20779.747
301287.SZ,20250403,30.99,31.43,30.62,31.18,31.31,-0.13,-0.4152,5152.0,15985.982
301287.SZ,20250407,29.1,29.75,24.94,25.28,31.18,-5.9,-18.9224,16552.5,44620.601
301287.SZ,20250408,25.53,27.2,25.32,26.04,25.28,0.76,3.0063,11870.0,30875.051
301287.SZ,20250409,25.98,26.77,24.13,26.66,26.04,0.62,2.381,12646.0,32456.28
301287.SZ,20250410,27.0,28.5,27.0,27.99,26.66,1.33,4.9887,12115.0,33998.6
301287.SZ,20250411,27.79,30.2,27.5,29.5,27.99,1.51,5.3948,19758.0,57517.444
301287.SZ,20250414,30.95,35.4,30.51,35.4,29.5,5.9,20.0,54896.18,189998.684
301287.SZ,20250415,34.83,34.83,31.91,32.18,35.4,-3.22,-9.096,66965.37,220093.823
301287.SZ,20250416,31.95,32.46,30.62,31.19,32.18,-0.99,-3.0764,36763.0,115430.912
301287.SZ,20250417,31.19,32.0,30.63,31.59,31.19,0.4,1.2825,31826.0,99924.963
301287.SZ,20250418,31.05,31.18,29.07,29.65,31.59,-1.94,-6.1412,31719.35,94642.299
301287.SZ,20250421,29.26,30.59,29.01,30.58,29.65,0.93,3.1366,21912.35,65815.387
301287.SZ,20250422,30.78,31.45,29.96,30.19,30.58,-0.39,-1.2753,19951.5,60566.744
301287.SZ,20250423,30.0,31.43,30.0,30.9,30.19,0.71,2.3518,26568.95,81938.192
301287.SZ,20250424,31.0,31.7,30.66,31.68,30.9,0.78,2.5243,28790.9,90124.322
301287.SZ,20250425,31.69,31.9,30.6,31.25,31.68,-0.43,-1.3573,21855.02,68064.748
301287.SZ,20250428,30.86,31.6,30.5,31.45,31.25,0.2,0.64,15632.87,48543.406
301287.SZ,20250429,33.09,33.09,31.53,31.89,31.45,0.44,1.399,24903.2,79789.925
301287.SZ,20250430,32.3,32.33,31.57,31.81,31.89,-0.08,-0.2509,20646.05,65881.94
301287.SZ,20250506,32.11,32.67,31.97,32.44,31.81,0.63,1.9805,18739.3,60471.251
301287.SZ,20250507,33.0,34.66,32.81,33.36,32.44,0.92,2.836,28962.0,97055.144
301287.SZ,20250508,32.99,34.0,32.98,33.85,33.36,0.49,1.4688,20156.0,67771.4
301287.SZ,20250509,33.85,34.88,33.58,33.68,33.85,-0.17,-0.5022,24328.62,83279.267
301287.SZ,20250512,33.67,34.2,33.21,33.7,33.68,0.02,0.0594,18611.0,62596.487
301287.SZ,20250513,34.0,36.02,33.85,33.93,33.7,0.23,0.6825,35249.3,122778.877
301287.SZ,20250514,34.05,34.81,33.41,34.0,33.93,0.07,0.2063,25002.65,84827.332
301287.SZ,20250515,33.82,35.27,33.48,34.38,34.0,0.38,1.1176,28911.3,99977.425
301287.SZ,20250516,34.3,34.84,33.87,34.55,34.38,0.17,0.4945,19330.95,66494.852
301287.SZ,20250519,34.6,34.9,33.88,34.76,34.55,0.21,0.6078,17828.25,61537.553
301287.SZ,20250520,34.74,36.12,34.16,35.9,34.76,1.14,3.2796,34012.12,120788.039
301287.SZ,20250521,37.42,39.56,35.4,35.52,35.9,-0.38,-1.0585,66625.3,251090.406
301287.SZ,20250522,34.16,37.58,34.16,37.1,35.52,1.58,4.4482,55024.86,199518.165
301287.SZ,20250523,36.2,36.36,34.19,34.57,37.1,-2.53,-6.8194,43933.86,153334.84
301287.SZ,20250526,34.62,34.94,33.64,34.33,34.57,-0.24,-0.6942,27819.81,94877.317
301287.SZ,20250527,34.33,35.2,34.02,34.7,34.33,0.37,1.0778,21662.81,74831.108
301287.SZ,20250528,34.2,34.6,33.6,34.39,34.2,0.19,0.5556,21445.55,73072.901
301287.SZ,20250529,34.2,34.48,33.81,33.89,34.39,-0.5,-1.4539,20250.3,69144.07
301287.SZ,20250530,33.93,34.42,33.08,33.37,33.89,-0.52,-1.5344,17819.05,59915.403
301287.SZ,20250603,34.31,39.5,34.09,37.7,33.37,4.33,12.9757,73397.75,273118.373
301287.SZ,20250604,37.03,43.0,37.03,39.68,37.7,1.98,5.252,96224.03,383997.401
301287.SZ,20250605,38.55,45.66,38.0,44.05,39.68,4.37,11.0131,103698.24,436438.933
301287.SZ,20250606,41.3,44.0,38.4,40.5,44.05,-3.55,-8.059,88310.92,356018.888
301287.SZ,20250609,39.3,48.6,39.07,48.6,40.5,8.1,20.0,101376.55,446012.698
301287.SZ,20250610,54.55,58.32,54.55,55.0,48.6,6.4,13.1687,133181.05,764052.689
301287.SZ,20250611,55.9,56.99,50.1,50.65,55.0,-4.35,-7.9091,108087.12,562532.847
301287.SZ,20250612,49.49,51.42,48.32,50.52,50.65,-0.13,-0.2567,82730.03,413884.684
301287.SZ,20250613,48.28,49.2,45.02,45.4,50.52,-5.12,-10.1346,67902.54,317623.418
301287.SZ,20250616,44.5,45.22,43.0,44.42,45.4,-0.98,-2.1586,50908.57,225816.895
301287.SZ,20250617,44.91,45.1,43.0,43.42,44.42,-1.0,-2.2512,45732.92,199141.327
301287.SZ,20250618,43.01,43.43,42.3,42.65,43.42,-0.77,-1.7734,30021.65,128223.833
301287.SZ,20250619,43.02,43.2,41.12,41.26,42.65,-1.39,-3.2591,32818.84,137339.2
301287.SZ,20250620,41.54,41.73,40.0,40.4,41.26,-0.86,-2.0843,27036.4,109480.01
301287.SZ,20250623,39.74,41.0,39.74,40.43,40.4,0.03,0.0743,21839.19,88286.365
301287.SZ,20250624,40.6,41.21,40.42,40.73,40.43,0.3,0.742,26438.19,107904.839
301287.SZ,20250625,40.73,40.98,39.62,40.26,40.73,-0.47,-1.1539,26915.0,108075.171
301287.SZ,20250626,39.88,40.37,39.63,39.75,40.26,-0.51,-1.2668,21354.0,85238.8
301287.SZ,20250627,39.7,40.02,39.6,39.9,39.75,0.15,0.3774,16004.0,63746.635
301287.SZ,20250630,40.0,40.49,39.8,40.49,39.9,0.59,1.4787,19956.08,80365.99
301287.SZ,20250701,40.93,40.93,39.4,40.38,40.49,-0.11,-0.2717,31251.0,125320.988
301287.SZ,20250702,40.3,40.85,39.71,39.93,40.38,-0.45,-1.1144,26766.23,107917.201
301287.SZ,20250703,40.27,40.4,39.73,40.0,39.93,0.07,0.1753,16105.7,64330.59
301287.SZ,20250704,39.6,40.18,39.11,39.26,40.0,-0.74,-1.85,21371.59,84521.008
301287.SZ,20250707,39.26,41.93,39.21,41.77,39.26,2.51,6.3933,59158.06,242676.279
301287.SZ,20250708,41.37,41.66,40.38,40.77,41.77,-1.0,-2.3941,41267.42,168160.45
301287.SZ,20250709,40.73,42.85,40.44,42.85,40.77,2.08,5.1018,56087.8,234490.335
301287.SZ,20250710,42.8,42.9,41.83,42.17,42.85,-0.68,-1.5869,36000.7,151911.658
301287.SZ,20250711,41.83,42.15,40.55,41.15,42.17,-1.02,-2.4188,27261.7,112143.825
301287.SZ,20250714,41.38,41.41,40.46,41.28,41.15,0.13,0.3159,19211.0,78917.078
301287.SZ,20250715,41.28,41.28,39.46,40.02,41.28,-1.26,-3.0523,24528.0,98289.257
301287.SZ,20250716,40.15,40.92,39.85,40.67,40.02,0.65,1.6242,20583.0,83697.299
301287.SZ,20250717,40.48,41.16,40.38,40.75,40.67,0.08,0.1967,16613.0,67862.422
301287.SZ,20250718,41.1,41.15,40.37,40.66,40.75,-0.09,-0.2209,11807.0,47911.085
301287.SZ,20250721,40.76,41.13,40.5,40.83,40.66,0.17,0.4181,15285.62,62284.146
301287.SZ,20250722,40.85,40.85,39.91,40.23,40.83,-0.6,-1.4695,15551.0,62514.832
301287.SZ,20250723,40.23,40.37,39.79,39.89,40.23,-0.34,-0.8451,10995.0,44053.066
301287.SZ,20250724,40.09,41.83,39.8,41.29,39.89,1.4,3.5097,33003.62,135305.832
301287.SZ,20250725,41.28,41.8,40.86,41.72,41.29,0.43,1.0414,22893.0,94849.92
301287.SZ,20250728,41.76,43.99,41.52,43.36,41.72,1.64,3.931,46523.83,200153.341
301287.SZ,20250729,43.42,43.45,42.5,42.93,43.36,-0.43,-0.9917,29738.35,127368.694
301287.SZ,20250730,42.67,45.35,41.86,44.63,42.93,1.7,3.9599,56930.35,250771.937
301287.SZ,20250731,44.0,44.19,42.68,43.09,44.63,-1.54,-3.4506,38435.68,165668.484
301287.SZ,20250801,42.2,42.35,40.31,41.55,43.09,-1.54,-3.5739,36485.86,149916.725
301287.SZ,20250804,40.8,41.4,40.34,41.3,41.55,-0.25,-0.6017,17250.17,70705.699
301287.SZ,20250805,41.24,42.29,41.12,41.57,41.3,0.27,0.6538,17353.59,72079.602
301287.SZ,20250806,41.58,42.55,41.26,41.8,41.57,0.23,0.5533,16866.0,70447.925
301287.SZ,20250807,41.71,43.38,41.7,42.69,41.8,0.89,2.1292,29488.0,125851.631
301287.SZ,20250808,42.76,42.79,41.42,41.97,42.69,-0.72,-1.6866,17510.76,73551.577
301287.SZ,20250811,42.29,42.96,41.65,42.8,41.97,0.83,1.9776,17569.15,74665.028
301287.SZ,20250812,42.88,43.15,42.47,42.85,42.8,0.05,0.1168,14961.0,63986.895
301287.SZ,20250813,42.99,43.14,41.97,42.65,42.85,-0.2,-0.4667,18209.43,77303.21
301287.SZ,20250814,42.65,42.65,41.82,41.85,42.65,-0.8,-1.8757,15537.0,65508.118
301287.SZ,20250815,41.87,42.91,41.24,42.7,41.85,0.85,2.0311,17763.59,75463.529
301287.SZ,20250818,43.04,43.73,42.58,43.38,42.7,0.68,1.5925,27510.23,118563.616
301287.SZ,20250819,43.4,43.45,42.69,43.11,43.38,-0.27,-0.6224,19834.33,85332.078
301287.SZ,20250820,42.8,43.4,42.67,43.14,43.11,0.03,0.0696,15239.0,65543.338
301287.SZ,20250821,43.1,43.78,42.96,43.41,43.14,0.27,0.6259,23153.71,100496.791
301287.SZ,20250822,43.29,43.4,42.71,42.83,43.41,-0.58,-1.3361,15911.0,68280.019
301287.SZ,20250825,43.09,43.1,42.08,42.4,42.83,-0.43,-1.004,19838.99,84164.834
301287.SZ,20250826,42.51,46.0,42.51,44.41,42.4,2.01,4.7406,56234.27,251020.797
301287.SZ,20250827,44.9,45.0,42.01,42.1,44.41,-2.31,-5.2015,38444.42,167986.254
301287.SZ,20250828,42.01,42.9,39.82,41.5,42.1,-0.6,-1.4252,34918.0,143877.76
301287.SZ,20250829,41.39,41.68,40.6,40.74,41.5,-0.76,-1.8313,14415.35,59236.608
301287.SZ,20250901,40.8,41.4,40.46,41.08,40.74,0.34,0.8346,11268.0,46231.549
301287.SZ,20250902,40.8,41.38,39.42,40.15,41.08,-0.93,-2.2639,14957.47,59837.531
301287.SZ,20250903,40.25,40.35,39.18,39.19,40.15,-0.96,-2.391,9344.92,37141.554
301287.SZ,20250904,39.11,40.41,39.11,39.62,39.19,0.43,1.0972,10719.28,42581.555
301287.SZ,20250905,42.84,44.05,41.37,41.71,39.62,2.09,5.2751,41096.97,175799.272
301287.SZ,20250908,40.5,44.02,40.5,43.7,41.71,1.99,4.771,49288.0,212223.343
301287.SZ,20250909,42.71,43.55,42.0,42.24,43.7,-1.46,-3.341,29950.66,127071.279
301287.SZ,20250910,42.42,44.2,42.31,43.27,42.24,1.03,2.4384,38801.73,169078.158
301287.SZ,20250911,43.13,43.26,41.16,42.09,43.27,-1.18,-2.7271,29175.91,121745.032
301287.SZ,20250912,41.78,42.09,41.14,41.36,42.09,-0.73,-1.7344,17461.83,72507.239
301287.SZ,20250915,41.36,41.59,40.95,41.4,41.36,0.04,0.0967,10363.0,42859.281
301287.SZ,20250916,41.1,42.12,41.1,42.11,41.4,0.71,1.715,13907.74,58097.8
301287.SZ,20250917,42.35,43.5,42.25,42.44,42.11,0.33,0.7837,21417.36,91653.621
301287.SZ,20250918,42.7,42.7,40.41,40.8,42.44,-1.64,-3.8643,23752.65,98808.51
301287.SZ,20250919,40.78,41.36,39.9,40.32,40.8,-0.48,-1.1765,11375.37,45928.122
301287.SZ,20250922,40.28,40.51,39.7,39.97,40.32,-0.35,-0.8681,8563.91,34236.768
301287.SZ,20250923,39.85,39.86,37.9,38.91,39.79,-0.88,-2.2116,13583.0,52500.275
301287.SZ,20250924,38.8,39.49,38.48,39.38,38.91,0.47,1.2079,7869.0,30847.272
301287.SZ,20250925,39.38,39.8,39.01,39.43,39.38,0.05,0.127,7403.0,29228.308
301287.SZ,20250926,39.23,39.78,38.61,39.2,39.43,-0.23,-0.5833,5834.0,22951.003
301287.SZ,20250929,39.21,39.76,38.7,39.41,39.2,0.21,0.5357,5663.0,22274.373
301287.SZ,20250930,39.41,39.64,39.25,39.28,39.41,-0.13,-0.3299,5005.9,19735.795
301287.SZ,20251009,39.6,39.6,38.81,38.89,39.28,-0.39,-0.9929,8001.9,31287.647
301287.SZ,20251010,38.89,39.45,38.66,39.03,38.89,0.14,0.36,5038.0,19715.385
301287.SZ,20251013,37.86,38.87,37.01,38.55,39.03,-0.48,-1.2298,7167.53,27427.067
301287.SZ,20251014,38.56,39.09,38.38,38.39,38.55,-0.16,-0.415,5789.12,22414.491
301287.SZ,20251015,38.39,39.5,38.37,39.42,38.39,1.03,2.683,9396.7,36792.642
301287.SZ,20251016,39.47,39.59,38.81,38.98,39.42,-0.44,-1.1162,5054.0,19760.938
301287.SZ,20251017,38.87,39.28,38.53,38.53,38.98,-0.45,-1.1544,5050.0,19647.299
301287.SZ,20251020,38.68,39.64,38.68,39.04,38.53,0.51,1.3236,5671.77,22199.773
301287.SZ,20251021,39.04,39.5,38.9,39.46,39.04,0.42,1.0758,5931.87,23324.079
301287.SZ,20251022,39.45,39.86,39.21,39.52,39.46,0.06,0.1521,5669.17,22472.818
301287.SZ,20251023,39.76,39.84,39.21,39.81,39.52,0.29,0.7338,6977.0,27606.366
301287.SZ,20251024,39.76,40.0,39.6,39.88,39.81,0.07,0.1758,8167.51,32558.465
301287.SZ,20251027,40.43,41.34,40.11,41.25,39.88,1.37,3.4353,18914.64,77462.364
301287.SZ,20251028,41.0,41.41,40.6,40.82,41.25,-0.43,-1.0424,11626.34,47605.874
301287.SZ,20251029,40.9,41.0,40.22,40.67,40.82,-0.15,-0.3675,7970.92,32310.998
301287.SZ,20251030,40.56,40.75,40.06,40.11,40.67,-0.56,-1.3769,6622.7,26731.707
301287.SZ,20251031,40.11,40.96,40.11,40.83,40.11,0.72,1.7951,9660.0,39392.668
301287.SZ,20251103,40.93,41.23,40.6,41.23,40.83,0.4,0.9797,6808.0,27870.713
301287.SZ,20251104,41.11,41.38,40.71,41.1,41.23,-0.13,-0.3153,5810.0,23805.656
301287.SZ,20251105,40.75,41.68,40.56,41.49,41.1,0.39,0.9489,8789.0,36380.081
301287.SZ,20251106,41.37,41.74,41.17,41.56,41.49,0.07,0.1687,6434.0,26739.389
301287.SZ,20251107,41.5,41.66,41.1,41.23,41.56,-0.33,-0.794,6165.9,25482.079
301287.SZ,20251110,41.16,41.63,41.15,41.45,41.23,0.22,0.5336,6966.0,28876.318
301287.SZ,20251111,41.67,41.73,41.21,41.43,41.45,-0.02,-0.0483,6548.37,27172.251
301287.SZ,20251112,41.49,41.79,41.3,41.76,41.43,0.33,0.7965,7772.0,32310.273
301287.SZ,20251113,42.21,42.21,41.23,41.82,41.76,0.06,0.1437,8588.34,35763.918
301287.SZ,20251114,41.58,42.3,41.5,41.98,41.82,0.16,0.3826,10242.05,43122.506
301287.SZ,20251117,42.02,42.38,41.83,42.25,41.98,0.27,0.6432,7006.92,29519.014
301287.SZ,20251118,42.24,42.24,41.74,42.05,42.25,-0.2,-0.4734,7252.56,30431.534
301287.SZ,20251119,42.09,42.28,41.2,41.23,42.05,-0.82,-1.9501,7423.0,30901.275
301287.SZ,20251120,41.44,41.66,40.6,41.13,41.23,-0.1,-0.2425,6551.0,26912.587
301287.SZ,20251121,41.13,41.43,38.78,39.16,41.13,-1.97,-4.7897,10102.0,40188.163
301287.SZ,20251124,39.53,40.36,39.31,40.22,39.16,1.06,2.7068,9289.0,37144.585
301287.SZ,20251125,40.28,41.15,40.13,40.78,40.22,0.56,1.3923,6890.0,28168.7
301287.SZ,20251126,40.78,41.2,39.73,39.99,40.78,-0.79,-1.9372,7079.0,28621.286
301287.SZ,20251127,40.0,40.68,39.85,40.59,39.99,0.6,1.5004,5301.0,21406.374
301287.SZ,20251128,40.51,41.05,40.03,41.0,40.59,0.41,1.0101,4904.0,19898.179
301287.SZ,20251201,41.08,41.38,40.77,40.99,41.0,-0.01,-0.0244,5983.0,24616.434
301287.SZ,20251202,40.88,40.88,40.2,40.4,40.99,-0.59,-1.4394,4577.0,18508.453
301287.SZ,20251203,40.49,40.49,39.91,39.96,40.4,-0.44,-1.0891,4898.0,19652.549
301287.SZ,20251204,39.96,40.37,39.3,39.69,39.96,-0.27,-0.6757,5863.52,23298.817
301287.SZ,20251205,39.64,40.61,39.5,40.45,39.69,0.76,1.9148,8694.0,34988.249
301287.SZ,20251208,40.45,41.99,40.41,41.73,40.45,1.28,3.1644,15692.97,65376.153
301287.SZ,20251209,41.29,42.32,41.16,41.73,41.73,0.0,0.0,12789.35,53715.195
301287.SZ,20251210,41.99,42.01,41.35,41.66,41.73,-0.07,-0.1677,7363.0,30748.365
301287.SZ,20251211,41.74,41.96,41.2,41.48,41.66,-0.18,-0.4321,11740.35,48827.943
301287.SZ,20251212,41.1,41.81,40.14,40.4,41.48,-1.08,-2.6037,10653.52,43678.145
301287.SZ,20251215,40.74,40.74,39.85,40.52,40.4,0.12,0.297,7907.8,31834.985
301287.SZ,20251216,40.23,40.8,39.71,39.71,40.52,-0.81,-1.999,6258.0,25050.162
301287.SZ,20251217,39.85,40.16,38.85,39.91,39.71,0.2,0.5037,6409.0,25330.728
301287.SZ,20251218,39.84,41.4,39.77,41.11,39.91,1.2,3.0068,11181.0,45737.791
301287.SZ,20251219,41.31,42.3,40.9,41.85,41.11,0.74,1.8,10059.0,41901.976
301287.SZ,20251222,41.86,43.7,41.75,42.94,41.85,1.09,2.6045,15509.5,66589.234
301287.SZ,20251223,42.83,43.07,42.01,42.43,42.94,-0.51,-1.1877,11255.05,47958.579
301287.SZ,20251224,42.54,42.84,42.34,42.64,42.43,0.21,0.4949,6431.0,27430.257
301287.SZ,20251225,42.64,42.9,42.5,42.69,42.64,0.05,0.1173,7483.66,31919.896
301287.SZ,20251226,42.89,42.89,41.62,41.75,42.69,-0.94,-2.2019,8255.95,34870.216
301287.SZ,20251229,41.84,42.32,41.42,42.2,41.75,0.45,1.0778,7269.95,30440.664
301287.SZ,20251230,42.46,42.46,41.55,41.55,42.2,-0.65,-1.5403,5265.0,22005.916
301287.SZ,20251231,41.56,42.11,41.18,41.72,41.55,0.17,0.4091,7208.0,30030.085
301287.SZ,20260105,41.72,43.48,41.35,42.89,41.72,1.17,2.8044,13007.9,55483.267
301287.SZ,20260106,43.17,43.51,42.5,42.91,42.89,0.02,0.0466,12048.59,51758.951
301287.SZ,20260107,43.0,46.03,42.67,43.94,42.91,1.03,2.4004,37948.16,168245.688
301287.SZ,20260108,43.99,45.58,43.1,44.86,43.94,0.92,2.0938,28597.85,128156.875
301287.SZ,20260109,45.1,45.52,43.9,45.22,44.86,0.36,0.8025,21946.32,98217.232
301287.SZ,20260112,45.69,45.95,44.32,44.87,45.22,-0.35,-0.774,17914.51,80237.07
301287.SZ,20260113,45.02,48.08,44.55,45.75,44.87,0.88,1.9612,31488.77,145598.592
301287.SZ,20260114,45.5,46.57,44.86,45.68,45.75,-0.07,-0.153,23479.99,107554.521
301287.SZ,20260115,45.44,45.59,44.57,44.85,45.68,-0.83,-1.817,14963.09,67204.611
301287.SZ,20260116,44.84,45.21,44.61,44.69,44.85,-0.16,-0.3567,10904.81,48869.72
301287.SZ,20260119,44.5,45.42,44.26,45.24,44.69,0.55,1.2307,10354.0,46618.205
301287.SZ,20260120,45.24,45.67,44.65,45.03,45.24,-0.21,-0.4642,9682.0,43623.744
301287.SZ,20260121,44.94,46.98,44.5,46.45,45.03,1.42,3.1535,16776.0,77072.876
301287.SZ,20260122,46.2,47.23,45.96,46.3,46.45,-0.15,-0.3229,11823.0,54821.645
301287.SZ,20260123,46.4,46.4,45.32,45.81,46.3,-0.49,-1.0583,10360.0,47286.945
301287.SZ,20260126,45.41,45.5,44.2,44.82,45.81,-0.99,-2.1611,15631.0,69900.059
301287.SZ,20260127,44.7,45.18,43.36,44.68,44.82,-0.14,-0.3124,10444.92,46192.074
301287.SZ,20260128,44.47,45.8,43.8,44.43,44.68,-0.25,-0.5595,13450.99,60233.22
301287.SZ,20260129,45.03,45.88,44.18,44.49,44.43,0.06,0.135,12699.8,57326.682
301287.SZ,20260130,44.49,45.45,43.85,45.39,44.49,0.9,2.0229,9922.5,44606.768
301287.SZ,20260202,45.27,45.84,44.62,44.65,45.39,-0.74,-1.6303,10318.0,46649.806
301287.SZ,20260203,44.75,45.62,44.75,45.62,44.65,0.97,2.1725,8112.0,36763.58
301287.SZ,20260204,45.58,46.3,45.22,45.64,45.62,0.02,0.0438,7626.0,34804.975
301287.SZ,20260205,45.5,46.46,45.26,45.81,45.64,0.17,0.3725,9927.0,45679.802
301287.SZ,20260206,45.83,46.66,45.07,46.0,45.81,0.19,0.4148,8495.0,39184.948
301287.SZ,20260209,46.4,46.45,45.5,46.45,46.0,0.45,0.9783,7696.0,35478.896
301287.SZ,20260210,46.45,46.87,46.16,46.29,46.45,-0.16,-0.3445,6231.0,28895.77
301287.SZ,20260211,46.29,46.48,45.93,45.95,46.29,-0.34,-0.7345,7635.0,35256.408
301287.SZ,20260212,46.19,46.19,45.33,45.53,45.95,-0.42,-0.914,7340.0,33620.762
301287.SZ,20260213,45.95,46.24,45.48,45.52,45.53,-0.01,-0.022,6673.0,30624.353
301287.SZ,20260224,45.7,46.53,45.6,46.53,45.52,1.01,2.2188,9133.3,42192.505
301287.SZ,20260225,46.79,46.79,46.09,46.09,46.53,-0.44,-0.9456,6919.0,32044.959
301287.SZ,20260226,46.26,46.52,45.85,46.04,46.09,-0.05,-0.1085,7672.3,35386.792
301287.SZ,20260227,46.15,46.17,44.73,45.06,46.04,-0.98,-2.1286,8280.0,37630.621
